title,artist,genre,duration,popularity
Bohemian Rhapsody,Queen,ROCK,351,89
Fix You,Coldplay,POP,219,73
Hotel California,Eagles,ROCK,381,89
Roller Coaster,Danny Vera,POP,417,51
Piano Man,Billy Joel,POP,296,95
Better Days,Dermot Kennedy,POP,357,66
Stairway To Heaven,Led Zeppelin,ROCK,388,68
Avond,Boudewijn de Groot,POP,306,85
Love Of My Life,Queen,ROCK,353,86
Black,Pearl Jam,ROCK,412,77
Nothing Else Matters (Albumversie),Metallica,METAL,285,92
Wish You Were Here,Pink Floyd,POP,413,76
The Sound Of Silence,Disturbed,POP,396,62
Soldier On,DI-RECT,POP,354,79
Comfortably Numb (Albumversie),Pink Floyd,POP,377,50
Sultans Of Swing,Dire Straits,POP,200,79
November Rain,Guns N' Roses,POP,232,95
Brothers In Arms (Albumversie),Dire Straits,POP,345,97
Child In Time (Albumversie),Deep Purple,POP,189,66
Radar Love (Albumversie),Golden Earring,POP,253,72
Oceaan,Racoon,POP,267,81
A Forest,The Cure,POP,203,88
Telegraph Road (Albumversie),Dire Straits,POP,443,78
Africa,Toto,POP,375,78
Shine On You Crazy Diamond (Pts. 1-5),Pink Floyd,POP,343,86
Viva La Vida,Coldplay,POP,379,95
One (Albumversie),Metallica,METAL,203,82
In The End,Linkin Park,POP,276,65
Purple Rain (Albumversie),Prince & The Revolution,POP,410,73
Thunderstruck,AC/DC,POP,211,94
Heroes (Albumversie),David Bowie,POP,395,67
Innuendo,Queen,ROCK,269,72
Master Of Puppets,Metallica,METAL,233,100
Cold Little Heart (Albumversie),Michael Kiwanuka,POP,269,72
The Chain,Fleetwood Mac,POP,285,59
Paradise By The Dashboard Light (Albumversie),Meat Loaf,POP,400,51
The River,Bruce Springsteen,ROCK,237,79
Smells Like Teen Spirit,Nirvana,POP,314,93
Go Your Own Way,Fleetwood Mac,POP,444,69
Impossible (Orchestral Version Live at Abbey Road),Nothing But Thieves,POP,440,86
The Sound Of Silence,Simon & Garfunkel,POP,416,70
Over De Muur,Klein Orkest,POP,443,59
Just Breathe,Pearl Jam,ROCK,276,88
Shallow,Lady Gaga & Bradley Cooper,POP,263,81
In The Air Tonight (Albumversie),Phil Collins,POP,222,97
Imagine,John Lennon,POP,421,89
Killing In The Name,Rage Against The Machine,POP,198,78
Lose Yourself,Eminem,RAP,390,87
Dancing Queen,ABBA,METAL,271,98
Don't Stop Me Now,Queen,ROCK,388,68
Fool's Overture,Supertramp,POP,237,76
Yellow,Coldplay,POP,248,79
God Only Knows,The Beach Boys,POP,277,89
Creep,Radiohead,POP,374,95
Another Love,Tom Odell,POP,200,95
Back To Black,Amy Winehouse,POP,246,90
Het Dorp,Wim Sonneveld,POP,442,87
Enter Sandman,Metallica,METAL,242,53
School,Supertramp,POP,372,57
Hurt,Johnny Cash,POP,224,52
Door De Wind,Miss Montreal,POP,294,77
Sweet Child O' Mine (Albumversie),Guns N' Roses,POP,276,87
Papa,Stef Bos,POP,289,69
Sunday Bloody Sunday,U2,ROCK,301,76
Somebody To Love (Live),George Michael & Queen,POP,376,61
Here Comes The Sun,The Beatles,POP,223,52
Clocks,Coldplay,POP,275,62
Who Wants To Live Forever,Queen,ROCK,269,62
Iron Sky (Albumversie),Paolo Nutini,POP,239,73
Angels,Robbie Williams,POP,241,81
Lola Montez,Volbeat,POP,442,63
The Scientist (Albumversie),Coldplay,POP,386,89
Alive,Pearl Jam,ROCK,316,89
The Show Must Go On,Queen,ROCK,426,76
Private Investigations (Albumversie),Dire Straits,POP,317,82
Old And Wise,The Alan Parsons Project,POP,188,56
Jolene,Dolly Parton,POP,232,56
Het Regent Zonnestralen,Acda en De Munnik,POP,218,90
Uprising,Muse,POP,232,97
Brabant,Guus Meeuwis,POP,225,93
Mr. Blue Sky,Electric Light Orchestra,POP,405,95
Don't Stop Believin',Journey,POP,190,92
Enjoy The Silence,Depeche Mode,POP,380,56
Zombie,The Cranberries,POP,207,56
One,U2,ROCK,408,85
Angie,The Rolling Stones,ROCK,182,67
Blackbird,The Beatles,POP,225,85
Tonight,Son Mieux,POP,322,76
A Sky Full Of Stars,Coldplay & Avicii,POP,307,77
Bridge Over Troubled Water,Simon & Garfunkel,POP,392,55
Dreams,Fleetwood Mac,POP,184,59
Mr. Brightside,The Killers,POP,449,89
Money For Nothing (Albumversie),Dire Straits,POP,236,83
Pastorale,Liesbeth List & Ramses Shaffy,POP,428,56
Another Brick In The Wall,Pink Floyd,POP,425,50
Belfast Child,Simple Minds,POP,346,57
Where The Streets Have No Name (Albumversie),U2,ROCK,433,50
Paint It Black,The Rolling Stones,ROCK,281,81
Sorry,Kensington,POP,416,54
Highway To Hell,AC/DC,POP,401,76
Have You Ever Seen The Rain,Creedence Clearwater Revival,POP,260,66
Bitter Sweet Symphony (Albumversie),The Verve,POP,407,97
When The Lady Smiles (Albumversie),Golden Earring,POP,426,65
Phantom Of The Opera,Floor Jansen & Henk Poort,POP,366,68
Suspicious Minds,Elvis Presley,POP,399,59
Knights Of Cydonia (Albumversie),Muse,POP,270,80
Chasing Cars,Snow Patrol,POP,242,51
Iris,The Goo Goo Dolls,POP,417,97
Under The Bridge,Red Hot Chili Peppers,POP,410,99
Sympathy For The Devil (Albumversie),The Rolling Stones,ROCK,199,81
Deutschland,Rammstein,METAL,249,89
Sonne,Rammstein,METAL,354,77
A Whiter Shade Of Pale,Procol Harum,POP,357,83
Careless Whisper,George Michael,POP,316,71
Under Pressure,Queen & David Bowie,POP,275,57
Wuthering Heights,Kate Bush,POP,390,56
Riders On The Storm (Albumversie),The Doors,POP,207,85
Whole Lotta Rosie,AC/DC,POP,213,82
Du Hast,Rammstein,METAL,204,67
Don't Look Back In Anger,Oasis,POP,348,74
Somewhere Only We Know,Keane,POP,214,50
Paranoid,Black Sabbath,METAL,411,70
Gimme Shelter,The Rolling Stones,ROCK,406,54
Tennessee Whiskey,Chris Stapleton,POP,340,55
Sign Of The Times,Harry Styles,POP,264,57
Losing My Religion,R.E.M.,POP,283,83
Forever Young,Alphaville,POP,217,67
I Still Haven't Found What I'm Looking For,U2,ROCK,295,72
Into My Arms,Nick Cave & The Bad Seeds,POP,188,91
With Or Without You,U2,ROCK,327,78
Yesterday,The Beatles,POP,332,78
Multicolor,Son Mieux,POP,220,60
Fields Of Gold,Sting,POP,285,75
Hey Jude,The Beatles,POP,372,91
Your Song,Elton John,POP,238,54
Let It Be,The Beatles,POP,243,68
Stil In Mij,Van Dik Hout,POP,400,75
Troy,Sinéad O'Connor,POP,411,85
Europapa,Joost,POP,361,72
Fortunate Son,Creedence Clearwater Revival,POP,290,57
The Pretender,Foo Fighters,POP,346,76
Sterrenstof,De Jeugd Van Tegenwoordig,POP,380,77
The Winner Takes It All,ABBA,METAL,364,61
Billie Jean,Michael Jackson,POP,392,79
Mag Ik Dan Bij Jou,Claudia de Breij,POP,222,56
Dancing In The Dark,Bruce Springsteen,ROCK,284,78
The House Of The Rising Sun,The Animals,POP,269,91
Dream On,Aerosmith,POP,190,94
Running Up That Hill (Albumversie),Kate Bush,POP,307,51
Streets Of Philadelphia,Bruce Springsteen,ROCK,442,84
Voila,Barbara Pravi,POP,341,80
Gotta Catch 'Em All (Pokemon Theme Song),Jason Paige,POP,192,75
Chop Suey!,System Of A Down,METAL,257,88
Gimme Gimme Gimme,ABBA,METAL,440,74
Nothing Compares 2 U,Sinéad O'Connor,POP,324,63
Earth Song (Albumversie),Michael Jackson,POP,246,81
Fast Car,Tracy Chapman,POP,191,68
Summer Of '69,Bryan Adams,POP,212,83
Space Oddity (Albumversie),David Bowie,POP,286,77
Dansen Op De Vulkaan,De Dijk,POP,422,58
Fear Of The Dark (Live),Iron Maiden,METAL,181,68
Wonderwall,Oasis,POP,365,82
(Sittin' On) The Dock Of The Bay,Otis Redding,POP,204,80
Nights In White Satin,The Moody Blues,POP,367,96
Zoutelande,BLØF ft. Geike,POP,355,98
Tears In Heaven,Eric Clapton,POP,207,87
Kleine Jongen,André Hazes,POP,267,63
Nobody's Wife,Anouk,POP,417,76
Insomnia (Albumversie),Faithless,POP,255,99
Jeanny,Falco,POP,303,60
Come As You Are,Nirvana,POP,366,86
Hallelujah,Leonard Cohen,POP,363,59
Goodnight Saigon,Billy Joel,POP,433,85
Proud Mary,Ike & Tina Turner,POP,437,100
Someone Like You,Adele,POP,180,68
Fragile,Sting,POP,341,60
Islands In The Stream,Kenny Rogers & Dolly Parton,POP,348,66
Numb,Linkin Park,POP,293,50
Echoes,Pink Floyd,POP,312,100
Everlong,Foo Fighters,POP,234,56
Three Little Birds,Bob Marley & The Wailers,POP,445,83
Laat Me,Ramses Shaffy,POP,433,62
Don't You (Forget About Me),Simple Minds,POP,332,98
Noodgeval,Goldband,POP,208,70
Overcome,Nothing But Thieves,POP,384,68
Formidable,Stromae,POP,269,68
Engelbewaarder,Marco Schuitmaker,POP,314,97
Californication,Red Hot Chili Peppers,POP,441,81
The Last Resort (Albumversie),Eagles,ROCK,344,77
Bed Of Roses (Albumversie),Bon Jovi,POP,415,56
Sorry,Kyteman,POP,445,69
Uncharted,Kensington,POP,180,81
Sweet Caroline,Neil Diamond,POP,196,86
Die With A Smile,Lady Gaga & Bruno Mars,POP,254,72
Oude Maasweg,The Amazing Stroopwafels,POP,372,86
Rolling In The Deep,Adele,POP,436,71
Story Of My Life,One Direction,POP,240,59
All Too Well (10 Minute Version),Taylor Swift,POP,328,73
Love You More,Racoon,POP,203,93
The Unforgettable Fire,U2,ROCK,205,77
Bad Moon Rising,Creedence Clearwater Revival,POP,312,78
Street Spirit (Fade Out),Radiohead,POP,348,69
Free Bird (Albumversie),Lynyrd Skynyrd,POP,270,95
Amsterdam,Nothing But Thieves,POP,450,53
Smoke On The Water (Albumversie),Deep Purple,POP,191,60
Desperado,Eagles,ROCK,215,99
Chiquitita,ABBA,METAL,370,58
In The Ghetto,Elvis Presley,POP,254,65
Lose Control,Teddy Swims,POP,259,86
"Bloed, Zweet En Tranen",André Hazes,POP,364,69
Saturday Night,Herman Brood & His Wild Romance,POP,404,72
Perfect Day,Lou Reed,POP,201,60
Music,John Miles,POP,183,68
Everybody Wants To Rule The World,Tears For Fears,POP,335,66
Another 45 Miles (Naked),Golden Earring,POP,183,56
Kayleigh,Marillion,POP,433,56
Karma Police,Radiohead,POP,345,94
Kronenburg Park,Frank Boeijen Groep,POP,255,54
Linger,The Cranberries,POP,308,100
Perfect,Ed Sheeran,POP,307,99
She Sells Sanctuary,The Cult,POP,384,60
Niemand In De Stad,De Dijk,POP,329,60
Landslide,Fleetwood Mac,POP,243,100
Always Remember Us This Way,Lady Gaga,POP,212,62
Sara (Albumversie),Fleetwood Mac,POP,222,62
Starman,David Bowie,POP,394,93
Fade To Black,Metallica,METAL,415,63
One,Mary J. Blige & U2,POP,442,72
Eleanor Rigby,The Beatles,POP,257,78
September,"Earth, Wind & Fire",POP,215,51
Beautiful Day,U2,ROCK,404,52
Somebody To Love,Queen,ROCK,305,97
Paradise City (Albumversie),Guns N' Roses,POP,341,64
Take Me To Church,Hozier,POP,183,59
Songbird,Fleetwood Mac,POP,206,98
Skyfall,Adele,POP,195,76
Engel,Rammstein,METAL,415,61
Wind Of Change,Scorpions,POP,255,98
Als Ze Er Niet Is,De Dijk,POP,436,100
Lightning Crashes,Live,POP,206,89
Lay All Your Love On Me,ABBA,METAL,384,57
Ice Queen (Albumversie),Within Temptation,POP,415,55
Angel Of Death,Slayer,POP,277,58
I Put A Spell On You,Creedence Clearwater Revival,POP,425,98
Jeremy,Pearl Jam,ROCK,353,81
Haus Am See,Peter Fox,POP,223,63
The Boxer (Albumversie),Simon & Garfunkel,POP,213,56
November,Rowwen Hèze,POP,358,86
Tragedy,Bee Gees,POP,353,73
Pride (In The Name Of Love),U2,ROCK,210,76
Hallelujah (Albumversie),Jeff Buckley,POP,234,80
Ghost Love Score (Live@Wacken 2013),Nightwish,POP,210,78
Last Christmas,Wham!,POP,183,89
Voor Haar,Frans Halsema,POP,225,83
Walk Of Life,Dire Straits,POP,347,72
Stan (Albumversie),Eminem & Dido,POP,435,56
Bad,U2,ROCK,308,69
My Immortal,Evanescence,POP,348,71
I'm On Fire,Bruce Springsteen,ROCK,322,66
Dust In The Wind,Kansas,POP,218,78
Englishman In New York,Sting,POP,415,79
Everywhere,Fleetwood Mac,POP,403,71
Hold The Line,Toto,POP,361,69
Make It A Memory,Krezip & Danny Vera,POP,184,82
Whole Lotta Love (Albumversie),Led Zeppelin,ROCK,180,81
Rainbow In The Sky,DJ Paul Elstak,POP,392,100
Society,Eddie Vedder,POP,267,82
Video Games,Lana Del Rey,POP,221,60
Laat Me/Vivre,Alderliefste & Ramses Shaffy & Liesbeth List,POP,279,84
Blinding Lights,The Weeknd,POP,384,84
Boulevard Of Broken Dreams,Green Day,POP,382,96
While My Guitar Gently Weeps,The Beatles,POP,404,74
Onderweg,Abel,POP,372,76
Kashmir,Led Zeppelin,ROCK,243,78
God Is A DJ,Faithless,POP,316,91
Leave The Light On,Beth Hart,POP,404,53
Whiskey In The Jar,Metallica,METAL,354,91
Psycho,Muse,POP,326,74
The Unforgiven (Albumversie),Metallica,METAL,268,70
Everybody Hurts,R.E.M.,POP,184,66
The Rose,Bette Midler,POP,376,67
Iedereen Is Van De Wereld,The Scene,POP,317,98
Do I Wanna Know?,Arctic Monkeys,POP,335,51
Against All Odds (Take A Look At Me Now),Phil Collins,POP,314,77
One Day Like This,Elbow,POP,315,63
Deurdonderen (Live),Normaal,POP,317,91
Silent Lucidity,Queensrÿche,POP,182,76
Lopen Tot De Zon Komt,Acda en De Munnik,POP,426,75
I Want To Break Free,Queen,ROCK,214,83
California Dreamin',The Mamas & The Papas,POP,276,90
Romeo And Juliet (Albumversie),Dire Straits,POP,192,56
Time,Pink Floyd,POP,291,68
Wake Me Up,Avicii ft. Aloe Blacc,POP,197,87
Livin' On A Prayer,Bon Jovi,POP,393,94
Empire State Of Mind,Jay-Z & Alicia Keys,POP,246,73
Time In A Bottle,Jim Croce,POP,298,85
Run To The Hills,Iron Maiden,METAL,236,70
Papillon,Editors,POP,224,78
My Boy,Elvis Presley,POP,335,59
Take On Me,A-ha,POP,450,95
Vincent,Don McLean,POP,447,89
Terug In De Tijd,Yves Berendse,POP,300,64
She's Always A Woman,Billy Joel,POP,195,70
I'm Still Standing,Elton John,POP,213,62
Another Day In Paradise,Phil Collins,POP,206,96
I Would Stay,Krezip,POP,377,76
Don't Give Up,Peter Gabriel & Kate Bush,POP,378,78
Don't Let The Sun Go Down On Me,George Michael & Elton John,POP,425,51
Ace Of Spades,Motorhead,POP,211,67
We Will Rock You,Queen,ROCK,432,97
Through The Looking Glass,DI-RECT,POP,397,71
L'enfer,Stromae,POP,275,79
The Logical Song,Supertramp,POP,226,61
Du,Peter Maffay,POP,218,64
505,Arctic Monkeys,POP,241,100
Je Blik Richting Mij,Bankzitters,POP,306,92
Tougher Than The Rest,Bruce Springsteen,ROCK,293,70
Born Slippy,Underworld,POP,377,77
Thriller (Albumversie),Michael Jackson,POP,296,62
"Zing, Vecht, Huil, Bid, Lach, Werk En Bewonder",Ramses Shaffy,POP,201,91
Zeit,Rammstein,METAL,334,80
Every Breath You Take,The Police,POP,330,57
What Was I Made For?,Billie Eilish,POP,229,72
Grijs,Jaap Reesema,POP,246,58
Dochters,Marco Borsato,POP,220,73
Still Got The Blues (Albumversie),Gary Moore,POP,216,54
I'm Gonna Be (500 Miles),Proclaimers,POP,258,71
Twilight Zone (Albumversie),Golden Earring,POP,201,53
Ne Me Quitte Pas,Jacques Brel,POP,368,53
Op Fietse,Skik,POP,274,79
99 Luftballons,Nena,POP,440,85
My Hometown,Bruce Springsteen,ROCK,327,73
Eagle (Albumversie),ABBA,METAL,241,84
Barcelona,Freddie Mercury & Montserrat Caballé,POP,277,90
My Way,Frank Sinatra,POP,406,73
No One Knows,Queens Of The Stone Age,POP,300,83
Make You Feel My Love,Adele,POP,374,58
Black Hole Sun,Soundgarden,POP,225,65
Wicked Game,Chris Isaak,POP,288,74
Basket Case,Green Day,POP,207,70
As It Was,Harry Styles,POP,260,69
Sad Man's Tongue,Volbeat,POP,263,74
Zeg Me Dat Het Niet Zo Is,Frank Boeijen Groep,POP,269,99
If I Can Dream,Elvis Presley,POP,281,78
Testament,Boudewijn de Groot,POP,444,93
Set Fire To The Rain,Adele,POP,276,52
Atemlos Durch Die Nacht (Albumversie),Helene Fischer,POP,275,76
Always On My Mind,Elvis Presley,POP,284,75
De Peel In Brand,Rowwen Hèze,POP,261,96
Une Belle Histoire,Michel Fugain,POP,342,78
Kryptonite,3 Doors Down,POP,306,76
Another One Bites The Dust,Queen,ROCK,256,69
Stayin' Alive,Bee Gees,POP,255,63
Treur Niet (Ode Aan Het Leven),Diggy Dex ft. JW Roy,POP,254,91
La Bohème,Charles Aznavour,POP,432,68
She,Charles Aznavour,POP,298,59
I Was Made For Lovin' You,KISS,POP,257,96
More Than A Feeling (Albumversie),Boston,POP,441,82
How Deep Is Your Love,Bee Gees,POP,289,54
All Along The Watchtower,Jimi Hendrix,POP,311,87
The Man Who Sold The World (Unplugged),Nirvana,POP,329,91
Mother Earth,Within Temptation,POP,330,64
Welcome To The Jungle,Guns N' Roses,POP,254,92
Sorry,Nothing But Thieves,POP,390,80
Lithium,Nirvana,POP,369,83
Born To Run,Bruce Springsteen,ROCK,352,90
Harder Dan Ik Hebben Kan,BLØF,POP,347,58
Hello,Adele,POP,255,59
Killer Queen,Queen,ROCK,362,100
Bat Out Of Hell (Albumversie),Meat Loaf,POP,266,56
The Man With The Child In His Eyes,Kate Bush,POP,390,89
The Load Out / Stay (Albumversie),Jackson Browne,POP,288,98
Does Your Mother Know?,ABBA,METAL,383,98
White Rabbit,Jefferson Airplane,POP,350,93
Mamma Mia,ABBA,METAL,259,88
Beat It,Michael Jackson,POP,441,54
Dat Heb Jij Gedaan,Meau,POP,343,98
A Day In The Life,The Beatles,POP,315,86
Ruthless Queen,Kayak,POP,268,85
The Day Before You Came,ABBA,METAL,322,64
Ring Of Fire,Johnny Cash,POP,318,74
(I Can't Get No) Satisfaction,The Rolling Stones,ROCK,432,60
Heart Of Gold,Neil Young,POP,244,56
Tijd Verliezen,Racoon,POP,193,76
De Vlieger,André Hazes,POP,185,84
Zij Gelooft In Mij (2004),André Hazes,POP,215,83
Worn Down Piano,Mark & Clark Band,POP,432,70
Graceland (Albumversie),Paul Simon,POP,385,90
Dansen Aan Zee,BLØF,POP,291,68
Valerie,Mark Ronson ft. Amy Winehouse,POP,350,68
Baba O'Riley,The Who,POP,265,81
Redemption Song,Bob Marley & The Wailers,POP,337,91
"Take Me Home, Country Roads",John Denver,POP,365,80
Mama (Albumversie),Genesis,POP,185,96
Verdronken Vlinder,Boudewijn de Groot,POP,288,72
Blauw,The Scene,POP,320,81
Rocket Man,Elton John,POP,348,82
Can't Help Falling In Love,Elvis Presley,POP,372,76
Sinds 1 Dag Of 2 (32 Jaar),Doe Maar,POP,230,97
Hurricane (Albumversie),Bob Dylan,POP,284,83
The Whole Of The Moon (Albumversie),The Waterboys,POP,351,93
Badlands,Bruce Springsteen,ROCK,293,67
Solsbury Hill,Peter Gabriel,POP,245,63
Eye In The Sky (Albumversie),The Alan Parsons Project,POP,250,51
Oerend Hard,Normaal,POP,317,52
Run,Snow Patrol,POP,255,97
Geef Mij Je Angst,André Hazes,POP,430,55
Man In The Mirror,Michael Jackson,POP,300,50
De Bom,Doe Maar,POP,352,70
Who'll Stop The Rain?,Creedence Clearwater Revival,POP,303,95
There Is a Light That Never Goes Out,The Smiths,POP,366,53
Poison,Alice Cooper,POP,325,51
Paranoid Android,Radiohead,POP,311,74
Stapelgek,Bankzitters,POP,401,91
Vivo Per Lei,Andrea Bocelli & Giorgia,POP,336,78
The Great Gig In The Sky,Pink Floyd,POP,362,69
Cupido,Bankzitters,POP,266,56
Estranged,Guns N' Roses,POP,365,51
Aan De Kust (Live),BLØF,POP,299,70
Window Of My Eyes,Cuby & the Blizzards,POP,342,88
Alive And Kicking,Simple Minds,POP,274,56
I Feel Love,Donna Summer,POP,433,54
Let It Happen (Albumversie),Tame Impala,POP,288,57
Little Lies,Fleetwood Mac,POP,440,76
Vienna,Ultravox,POP,237,75
Stiekem,Maan x Goldband,POP,206,74
Cloudbusting,Kate Bush,POP,198,57
Vienna,Billy Joel,POP,202,95
Foto Van Vroeger,Rob de Nijs,POP,294,92
Demons,Imagine Dragons,POP,428,57
Me And Bobby McGee,Janis Joplin,POP,279,80
We Are The Champions,Queen,ROCK,186,76
Mag Het Licht Uit,De Dijk,POP,431,81
La Grange,ZZ Top,POP,228,59
Smalltown Boy,Bronski Beat,POP,250,59
Jesus To A Child,George Michael,POP,333,93
Champagne Supernova (Albumversie),Oasis,POP,346,69
How My Heart Was Won,DI-RECT,POP,209,92
Is Dit Nou Later,Stef Bos,POP,217,85
Someone You Loved,Lewis Capaldi,POP,246,65
Knocking On Heaven's Door,Guns N' Roses,POP,183,54
Back In Black,AC/DC,POP,383,57
Sad But True,Metallica,METAL,205,84
Stop Loving You,Toto,POP,245,60
Het Het Nog Nooit Zo Donker West,Ede Staal,POP,208,60
Diamonds,The Boxer Rebellion,POP,189,99
Bring Me To Life,Evanescence,POP,270,93
Supermassive Black Hole,Muse,POP,365,60
Het Is Al Laat Toch,Racoon,POP,191,63
Breaking The Habit,Linkin Park,POP,317,56
Seven Nation Army,White Stripes,POP,247,94
Even Flow,Pearl Jam,ROCK,380,70
Waterdicht,Hannah Mae,POP,199,78
Ain't No Sunshine,Bill Withers,POP,386,73
One Of These Nights,Eagles,ROCK,276,78
Ik Wil Dansen,Froukje,POP,380,96
Smoorverliefd,Doe Maar,POP,285,56
Bad Guy,Billie Eilish,POP,399,60
Zeg Maar Niets Meer,André Hazes,POP,219,80
Alles Geprobeerd (Albumversie),Het Goede Doel,POP,405,93
Annie's Song,John Denver,POP,342,85
Exit Music (For A Film),Radiohead,POP,447,82
Happy New Year,ABBA,METAL,336,75
Gangsta's Paradise,Coolio,POP,267,99
Kom Terug,Spinvis,POP,425,70
Money (Albumversie),Pink Floyd,POP,354,59
Believer,Imagine Dragons,POP,352,65
Ren Lenny Ren,Acda en De Munnik,POP,423,91
Why Tell Me Why,Anita Meyer,POP,307,87
Toen Ik Je Zag,Hero,POP,353,88
Radio Ga Ga,Queen,ROCK,367,60
Slippery People (Live),Talking Heads,POP,188,91
In Your Arms,Chef'Special,POP,386,50
Ik Kan Het Niet Alleen,De Dijk,POP,327,60
Roxanne,The Police,POP,322,61
Time To Give,White Lies,POP,438,84
Life On Mars,David Bowie,POP,339,75
Thank You For The Music,ABBA,METAL,214,72
Wasted Years,Iron Maiden,METAL,336,74
Long Blond Animal,Golden Earring,POP,296,83
Psycho Killer,Talking Heads,POP,449,93
Blue Monday (Albumversie),New Order,POP,395,81
Anti-Hero,Taylor Swift,POP,213,50
I Want To Know What Love Is,Foreigner,POP,422,96
Don't Stop,Fleetwood Mac,POP,258,79
When We Were Young,Adele,POP,434,68
Major Tom (Völlig Losgelöst),Peter Schilling,POP,275,90
Paradise (Albumversie),Coldplay,POP,342,63
Thinking Of A Place (Albumversie),The War On Drugs,POP,444,57
Golden Brown,The Stranglers,POP,310,100
De Vondeling Van Ameland,Boudewijn de Groot,POP,440,65
Numb/Encore,Linkin Park & Jay-Z,POP,230,75
Strong,London Grammar,POP,264,88
Papaoutai,Stromae,POP,191,67
Wrong,Novastar,POP,445,86
Tribute,Tenacious D,POP,362,81
New Year's Day,U2,ROCK,286,81
The Emptiness Machine,Linkin Park,POP,353,73
The Trooper,Iron Maiden,METAL,245,70
Little Lion Man,Mumford & Sons,POP,421,83
Take It Easy,Eagles,ROCK,262,50
Still Loving You,Scorpions,POP,220,68
Glory Days,Bruce Springsteen,ROCK,209,84
Zo Stil,BLØF,POP,188,76
Conquest Of Paradise,Vangelis,POP,232,62
The Real Slim Shady,Eminem,RAP,292,89
Alone,Heart,POP,317,59
Total Eclipse Of The Heart,Bonnie Tyler,POP,307,54
Message In A Bottle,The Police,POP,245,76
Waterloo,ABBA,METAL,350,62
Holiday In Spain,BLØF & Counting Crows,POP,346,71
Don't Dream It's Over,Crowded House,POP,220,68
Groot Hart,De Dijk,POP,223,75
Is Dat Nou Echt?,Bankzitters,POP,435,63
No Surprises,Radiohead,POP,261,83
A Horse With No Name,America,POP,287,100
Cowboys And Angels (Albumversie),George Michael,POP,230,81
Cruel Summer,Taylor Swift,POP,228,96
High Hopes,Pink Floyd,POP,384,95
Somebody That I Used To Know,Gotye ft. Kimbra,POP,277,81
I'm Not In Love (Albumversie),10cc,POP,285,94
Starlight,Muse,POP,390,97
Just A Little Bit Of Peace In My Heart,Golden Earrings,POP,245,98
The Door,Teddy Swims,POP,253,76
Leningrad,Billy Joel,POP,364,71
Radioactive,Imagine Dragons,POP,260,94
Omarm,BLØF,POP,279,58
Ladada (Mon Dernier Mot),Claude,POP,450,52
Changes,2Pac,POP,262,65
You Shook Me All Night Long,AC/DC,POP,281,98
Welterusten Mijnheer De President,Boudewijn de Groot,POP,229,72
Sweet Dreams (Are Made Of This),Eurythmics,POP,200,76
Circle Of Life,Elton John,POP,427,87
België,Het Goede Doel,POP,422,83
Dreamer,Supertramp,POP,247,65
Without Me,Eminem,RAP,255,93
Plug In Baby,Muse,POP,374,72
Love Will Tear Us Apart,Joy Division,POP,289,58
Smokers Outside The Hospital Doors,Editors,POP,319,84
Old Man,Neil Young,POP,192,99
Wild Horses,The Rolling Stones,ROCK,212,66
One More Light,Linkin Park,POP,358,100
Cardigan,Taylor Swift,POP,248,50
Seventeen Going Under,Sam Fender,POP,283,76
Hometown Glory (Albumversie),Adele,POP,358,54
Het Werd Zomer,Rob de Nijs,POP,287,52
Lullaby,The Cure,POP,292,77
Limburg (Live),Rowwen Hèze,POP,255,83
Under The Pressure (Albumversie),The War On Drugs,POP,298,85
Fantasy,"Earth, Wind & Fire",POP,351,75
Lea,The Cats,POP,308,67
Trapped (Live),Bruce Springsteen,ROCK,350,73
The Power Of Love,Frankie Goes To Hollywood,POP,238,81
This Is The Life,Amy MacDonald,POP,242,70
Witch Doctor,De Staat,POP,344,99
You'll Be In My Heart,Phil Collins,POP,420,87
The End (Albumversie),The Doors,POP,417,88
Brown Eyed Girl,Van Morrison,POP,263,80
Narcotic,Liquido,POP,307,56
A Different Corner,George Michael,POP,448,76
Thunder Road,Bruce Springsteen,ROCK,398,56
Joan Of Arc (Maid Of Orleans),Orchestral Manoeuvres In The Dark,POP,206,92
Layla (Unplugged),Eric Clapton,POP,251,73
Stick Season,Noah Kahan,POP,431,91
Rockin' In The Free World,Neil Young,POP,304,99
Unfinished Sympathy,Massive Attack,POP,218,73
Halt Mich,Herbert Grönemeyer,POP,271,87
L.A. Woman,The Doors,POP,224,94
Levels,Avicii,HOUSE,286,64
Hald Mich 's Vas,Neet Oét Lottum,POP,388,73
Wake Me Up When September Ends,Green Day,POP,450,56
Kiss From A Rose,Seal,POP,351,95
I Am...I Said,Neil Diamond,POP,294,71
Never Tear Us Apart,INXS,POP,209,85
Would,Alice In Chains,POP,414,86
Born In The U.S.A.,Bruce Springsteen,ROCK,209,99
Fairytale Of New York,The Pogues & Kirsty Maccoll,POP,263,57
Shake It Off (Taylor's Version),Taylor Swift,POP,228,92
Banger Hart,Rob de Nijs,POP,351,64
Élan (Albumversie),Nightwish,POP,252,57
You Can't Always Get What You Want (Albumversie),The Rolling Stones,ROCK,253,100
Otherside,Red Hot Chili Peppers,POP,330,85
Come Together,The Beatles,POP,344,93
With A Little Help From My Friends,Joe Cocker,POP,266,75
American Pie (Albumversie),Don McLean,POP,334,95
Learn To Fly,Foo Fighters,POP,446,94
Flowers,Miley Cyrus,POP,359,77
Nao 't Zuuje,Lex Uiting,POP,345,59
Liefs Uit Londen,BLØF,POP,334,98
Feel (Albumversie),Robbie Williams,POP,444,92
The Best,Tina Turner,POP,380,57
Lost,Anouk,POP,370,53
Faith,George Michael,POP,385,63
Hier Kom Ik Weg,Daniël Lohues,POP,368,65
Teardrop,Massive Attack,POP,190,79
'k Heb Je Lief,Paul de Leeuw,POP,446,88
Snow (Hey Oh),Red Hot Chili Peppers,POP,381,53
Driving Home For Christmas,Chris Rea,POP,268,81
Feel Good Inc.,Gorillaz,POP,284,74
A Gentleman's Excuse Me,Fish,POP,264,57
Morgen Wordt Fantastisch,Acda en De Munnik,POP,253,54
Shape Of My Heart,Sting,POP,288,84
Where Did You Sleep Last Night (Unplugged),Nirvana,POP,282,74
Chan Chan,Buena Vista Social Club,POP,448,74
Hammer To Fall (Albumversie),Queen,ROCK,280,63
Freak On A Leash,Korn,POP,298,98
Geef Mij Je Angst,Guus Meeuwis,POP,425,79
Easy On Me,Adele,POP,280,76
Als Het Avond Is,Suzan & Freek,POP,448,60
Smooth Criminal,Michael Jackson,POP,232,82
De Verzoening,Frank Boeijen Groep,POP,415,55
I Walk The Line,Johnny Cash,POP,232,67
Sex On Fire,Kings Of Leon,POP,311,100
Albatross,Fleetwood Mac,POP,190,56
I'd Do Anything For Love (But I Won't Do That),Meat Loaf,POP,186,74
All Of Me (Albumversie),John Legend,POP,377,100
You'll Never Walk Alone,Gerry & The Pacemakers,POP,253,100
Tonight (Live),Tina Turner & David Bowie,POP,364,99
Like A Prayer,Madonna,POP,378,69
Halo Of Flies,Alice Cooper,POP,416,77
She,Elvis Costello,POP,239,69
Dat Komt Door Jou,Guus Meeuwis,POP,278,56
Rosanna (Albumversie),Toto,POP,414,83
Love Story (Taylors Version),Taylor Swift,POP,347,89
Don't Fear The Reaper,Blue Öyster Cult,POP,270,96
Little Black Submarines,The Black Keys,POP,270,62
The Loneliest,Måneskin,POP,328,67
The Cave,Mumford & Sons,POP,262,94
Patience,Guns N' Roses,POP,362,73
No Woman No Cry (Live),Bob Marley & The Wailers,POP,448,53
Wonderful Tonight,Eric Clapton,POP,426,91
Folsom Prison Blues (Live),Johnny Cash,POP,295,69
I Will Always Love You,Whitney Houston,POP,402,84
Amigo,Chef'Special,POP,188,98
The Boys Of Summer,Don Henley,POP,280,59
Good Riddance (Time Of Your Life),Green Day,POP,320,79
Unwritten,Natasha Bedingfield,POP,342,65
Happier Than Ever,Billie Eilish,POP,439,64
Gaia,Valensia,POP,240,84
Belle Hélène,Doe Maar,POP,414,88
Can I Play With Madness,Iron Maiden,METAL,195,83
The Final Countdown,Europe,POP,182,93
Bliss,Muse,POP,449,81
It's A Beautiful Day,Queen,ROCK,212,62
Year Of The Cat (Albumversie),Al Stewart,POP,409,59
Private Dancer,Tina Turner,POP,324,73
Burning Love,Elvis Presley,POP,218,60
Ironic,Alanis Morissette,POP,407,75
Nightswimming,R.E.M.,POP,226,59
China Girl (Albumversie),David Bowie,POP,409,83
Hey Brother,Avicii,HOUSE,280,57
Such A Shame,Talk Talk,POP,378,85
Het Is Een Nacht... (Levensecht),Guus Meeuwis & Vagant,POP,388,58
One Way Wind,The Cats,POP,345,92
Tusk,Fleetwood Mac,POP,256,67
I Have A Dream,ABBA,METAL,359,61
The Less I Know The Better,Tame Impala,POP,273,81
Scar Tissue,Red Hot Chili Peppers,POP,441,51
Always (Albumversie),Bon Jovi,POP,340,79
Once Upon A Time In The West,Ennio Morricone,POP,300,57
American Idiot,Green Day,POP,312,71
Streets,Kensington,POP,310,95
Welcome To The Black Parade,My Chemical Romance,POP,253,68
New Gold Dream (81-82-83-84),Simple Minds,POP,327,69
Freedom! '90,George Michael,POP,430,55
Arcade,Duncan Laurence,POP,194,61
Sweet Goodbyes,Krezip,POP,374,68
Time To Say Goodbye,Andrea Bocelli & Sarah Brightman,POP,293,60
Song 2,Blur,POP,329,54
Immigrant Song,Led Zeppelin,ROCK,251,75
Holding Back The Years,Simply Red,POP,225,50
Going To The Run,Golden Earring,POP,408,81
Onderuit,De Dijk,POP,272,62
Us And Them (Albumversie),Pink Floyd,POP,354,54
Fields Of Gold,Eva Cassidy,POP,225,77
Rain Down On Me,Kane,POP,387,81
These Are The Days Of Our Lives,Queen,ROCK,311,60
Suzanne,Leonard Cohen,POP,256,91
Als Het Vuur Gedoofd Is,Acda en De Munnik,POP,417,84
What's Up,4 Non Blondes,POP,342,93
Dreadlock Holiday,10cc,POP,313,53
Heal The World,Michael Jackson,POP,406,83
De Kapitein Deel II,Acda en De Munnik,POP,446,97
Memories,Maroon 5,POP,277,86
Alors On Danse,Stromae,POP,248,50
De Echte Vent,Racoon,POP,442,83
What's Going On,Marvin Gaye,POP,343,92
Samba Pa Ti,Santana,POP,403,83
I Will Always Love You,Dolly Parton,POP,210,74
Slow Dancing In A Burning Room,John Mayer,POP,282,65
Best Song Ever,One Direction,POP,405,51
Dirty Diana,Michael Jackson,POP,368,59
On Every Street,Dire Straits,POP,328,78
River Deep Mountain High,Ike & Tina Turner,POP,223,58
Niet Of Nooit Geweest,Acda en De Munnik,POP,259,86
Massachusetts,Bee Gees,POP,423,53
Der Weg,Herbert Grönemeyer,POP,240,76
When Doves Cry,Prince & The Revolution,POP,396,61
Russians,Sting,POP,190,88
Sign 'O' The Times (Albumversie),Prince,POP,402,63
One Of Us,ABBA,METAL,279,74
Take Me Out,Franz Ferdinand,POP,200,96
I Say A Little Prayer,Aretha Franklin,POP,387,64
I Don't Want To Miss A Thing (Albumversie),Aerosmith,POP,197,52
Light My Fire (Albumversie),The Doors,POP,241,51
Jump,Van Halen,POP,405,98
Rehab,Amy Winehouse,POP,321,58
Everything I Wanted,Billie Eilish,POP,220,87
Where The Wild Roses Grow,Nick Cave & Kylie Minogue,POP,379,50
Firth Of Fifth,Genesis,POP,378,85
Mutter,Rammstein,METAL,375,53
Bright Eyes,Art Garfunkel,POP,271,69
Let Her Go,Passenger,POP,186,63
Wonderfull Days,Charly Lownoise & Mental Theo,POP,442,55
Porcelain,Moby,POP,352,72
Woman In Chains (Albumversie),Tears For Fears & Oleta Adams,POP,256,84
Fernando,ABBA,METAL,272,89
Chasing Pavements,Adele,POP,379,74
Ordinary World,Duran Duran,POP,396,58
Morning Has Broken,Cat Stevens,POP,321,87
Sometimes It Snows In April,Prince & The Revolution,POP,353,72
I Bet You Look Good On The Dancefloor,Arctic Monkeys,POP,339,99
Baker Street (Albumversie),Gerry Rafferty,POP,189,92
Rhiannon (Will You Ever Win),Fleetwood Mac,POP,292,99
Crazy Little Thing Called Love,Queen,ROCK,221,75
Leave The Door Open,Silk Sonic (Bruno Mars & Anderson .Paak),POP,450,83
1999,Prince,POP,211,95
No More Tears,Ozzy Osbourne,POP,288,59
Boys Don't Cry,The Cure,POP,302,81
Take A Chance On Me,ABBA,METAL,285,85
Jimmy,Boudewijn de Groot,POP,274,56
Voulez-Vous,ABBA,METAL,427,77
Whatever You Want,Status Quo,POP,196,93
Goud,Suzan & Freek,POP,226,63
Strawberry Fields Forever,The Beatles,POP,260,55
"Non, Je Ne Regrette Rien",Édith Piaf,POP,362,50
Overcome,Live,POP,221,61
Nikita,Elton John,POP,257,89
Sweet Sounds Of Heaven (Albumversie),The Rolling Stones ft. Lady Gaga & Stevie Wonder,POP,320,99
Willow,Taylor Swift,POP,211,79
Mrs. Robinson,Simon & Garfunkel,POP,442,82
They Don't Care About Us,Michael Jackson,POP,233,91
Binnen Zonder Kloppen,De Dijk,POP,205,56
Glory Box (Albumversie),Portishead,POP,183,91
Hey You,Pink Floyd,POP,305,97
California Love,2Pac ft. Dr. Dre,POP,313,89
Million Years Ago,Adele,POP,216,57
Something,The Beatles,POP,429,70
Leaving On A Jet Plane,John Denver,POP,275,84
In Nije Dei,De Kast,POP,278,61
It's My Life,Bon Jovi,POP,235,84
Layla (Albumversie),Derek & The Dominos,POP,326,78
I Will Wait,Mumford & Sons,POP,198,53
Self Esteem,The Offspring,POP,222,56
Sweet Home Alabama,Lynyrd Skynyrd,POP,405,52
Dog Days Are Over,Florence + The Machine,POP,225,69
"Knowing Me, Knowing You",ABBA,METAL,370,79
Lavender,Marillion,POP,291,60
Waterfront,Simple Minds,POP,246,65
Like The Way I Do,Melissa Etheridge,POP,305,63
Goodbye Yellow Brick Road,Elton John,POP,386,50
(Everything I Do) I Do It For You (Albumversie),Bryan Adams,POP,190,69
Penny Lane,The Beatles,POP,183,86
De Overkant,Suzan & Freek & Snelle,POP,206,100
Gravity,John Mayer,POP,432,63
Breakthru,Queen,ROCK,252,94
Colors,Black Pumas,POP,281,89
Our House,"Crosby, Stills, Nash & Young",POP,362,71
What A Wonderful World,Louis Armstrong,POP,227,56
Just Give Me A Reason,P!nk ft. Nate Ruess,POP,302,60
She's A Rainbow,The Rolling Stones,ROCK,255,94
Human,Rag'n'Bone Man,POP,389,76
How Do I Say Goodbye,Dean Lewis,POP,315,77
Auto Vliegtuug,Rowwen Hèze,POP,246,53
Runnin' With The Devil,Van Halen,POP,323,57
What About Us (Albumversie),P!nk,POP,208,82
Zelfs Je Naam Is Mooi,Henk Westbroek,POP,375,94
Zonder Jou,Paul de Leeuw & Simone Kleinsma,POP,435,96
Have I Told You Lately,Van Morrison,POP,334,61
Birds Of A Feather,Billie Eilish,POP,396,73
Friday I'm In Love,The Cure,POP,276,69
All I Want For Christmas Is You,Mariah Carey,POP,299,65
Liefde Van Later,Herman van Veen,POP,363,90
Father And Son,Cat Stevens,POP,283,81
Zij Maakt Het Verschil,De Poema's,POP,236,53
More Than A Woman,Bee Gees,POP,275,63
Let's Dance,David Bowie,POP,204,93
Like A Hurricane (Albumversie),Neil Young,POP,409,79
Zwart Wit,Frank Boeijen Groep,POP,268,74
Down Under,Men At Work,POP,270,63
9 To 5,Dolly Parton,POP,373,70
She's Not There (Albumversie),Santana,POP,386,89
Don't Cry,Guns N' Roses,POP,367,99
Give A Little Bit,Supertramp,POP,423,87
Civil War,Guns N' Roses,POP,435,51
Tunnel Of Love (Albumversie),Dire Straits,POP,412,77
Once In A Lifetime,Talking Heads,POP,423,87
Daughters,John Mayer,POP,402,71
Arriving Somewhere But Not Here,Porcupine Tree,POP,336,70
Jersey Girl (Live),Bruce Springsteen,ROCK,372,95
Personal Jesus (Albumversie),Depeche Mode,POP,425,78
Let There Be Rock,AC/DC,POP,236,90
Strange Machines (Albumversie),The Gathering,POP,200,100
The Turn Of A Friendly Card,The Alan Parsons Project,POP,218,67
Jungleland,Bruce Springsteen,ROCK,318,53
Als Ik God Was,Froukje,POP,212,95
Superstition,Stevie Wonder,POP,418,52
Watskeburt?!,De Jeugd Van Tegenwoordig,POP,334,94
Sovereign Light Cafe,Keane,POP,307,56
Guaranteed,Eddie Vedder,POP,234,79
The Man Who Can't Be Moved,The Script,POP,296,79
I Will Follow (Live),U2,ROCK,191,75
How You Remind Me,Nickelback,POP,255,77
The Unforgiven II (Albumversie),Metallica,METAL,259,70
A Kind Of Magic,Queen,ROCK,277,83
Thunder,Imagine Dragons,POP,212,61
Where Is My Mind,Pixies,POP,405,93
Lyin' Eyes,Eagles,ROCK,284,62
Lola (Live),The Kinks,POP,347,62
Red Eyes,The War On Drugs,POP,305,70
De Neus Umhoeg,Rowwen Hèze,POP,286,99
Tranen Gelachen,Guus Meeuwis,POP,326,51
Father Figure,George Michael,POP,221,60
Through The Barricades,Spandau Ballet,POP,256,82
Gold,Spandau Ballet,POP,323,53
Castle On The Hill,Ed Sheeran,POP,416,53
Both Sides Now,Joni Mitchell,POP,244,66
What It Is,Mark Knopfler,POP,285,63
Prachtig Mooie Dag,Daniël Lohues,POP,327,65
Son Of A Preacher Man,Dusty Springfield,POP,228,92
This Town,Niall Horan,POP,370,99
I Just Can't Help Believin',Elvis Presley,POP,186,86
Hind's Hall,Macklemore,POP,316,81
Blauwe Ruis,BLØF,POP,268,58
Thinking Out Loud,Ed Sheeran,POP,399,73
Silver Springs,Fleetwood Mac,POP,443,69
Super Trouper,ABBA,METAL,331,94
Ze Huilt Maar Ze Lacht,Maan,POP,204,96
Red Red Wine,UB40,POP,429,90
One Step Beyond,Madness,POP,432,73
Una Mattina,Ludovico Einaudi,POP,225,94
You Give Love A Bad Name,Bon Jovi,POP,375,85
Hocus Pocus,Focus,POP,381,63
Sabotage,Beastie Boys,POP,337,79
Leef,André Hazes Jr.,POP,260,93
Nothing Rhymed,Gilbert O'Sullivan,POP,309,93
Your Latest Trick,Dire Straits,POP,388,73
Good Vibrations,The Beach Boys,POP,432,70
Pompeii,Bastille,POP,429,85
Tubular Bells (Part 1 Albumversie),Mike Oldfield,POP,412,85
Beautiful Noise,Neil Diamond,POP,206,55
You're So Vain,Carly Simon,POP,229,80
Walk,Foo Fighters,POP,203,93
Don't Give Up The Fight,Racoon,POP,430,97
Ben,Michael Jackson,POP,183,69
Running To Stand Still,U2,ROCK,370,78
My Hero (Live),Foo Fighters,POP,196,77
It's All Coming Back To Me,Céline Dion,POP,279,53
Follow You Follow Me (Albumversie),Genesis,POP,392,70
Thank God It's Christmas,Queen,ROCK,347,58
Everglow (Albumversie),Coldplay,POP,254,77
You're My Best Friend,Queen,ROCK,256,88
Respect,Aretha Franklin,POP,290,58
Winter,Tori Amos,POP,228,97
This Is What It Feels Like,Armin van Buuren ft. Trevor Guthrie,POP,412,95
In The Dutch Mountains,Nits,POP,199,93
The Eve Of The War (Albumversie),Jeff Wayne & Justin Hayward,POP,427,57
Duurt Te Lang,Davina Michelle,POP,213,77
Tears Dry On Their Own,Amy Winehouse,POP,331,58
The Long And Winding Road,The Beatles,POP,367,57
Start Me Up,The Rolling Stones,ROCK,286,71
Uptown Funk,Mark Ronson ft. Bruno Mars,POP,314,97
The Family Tree,Venice,POP,209,93
Is She Really Going Out With Him? (Live),Joe Jackson,POP,387,91
New Kid In Town,Eagles,ROCK,392,51
Lemon Tree,Fools Garden,POP,377,77
A Boy Named Sue (Live),Johnny Cash,POP,345,64
Michel,Anouk,POP,334,75
The Weight,The Band,POP,272,61
Black Or White,Michael Jackson,POP,395,74
Sebastian (Albumversie),Cockney Rebel,POP,445,68
Only Time,Enya,POP,360,91
I See Fire (Albumversie),Ed Sheeran,POP,269,62
Brown Sugar,The Rolling Stones,ROCK,336,89
The Next Episode,Dr. Dre ft. Snoop Dogg,POP,348,50
Margherita,Marco Borsato,POP,273,91
Blank Space (Taylor's Version),Taylor Swift,POP,305,79
Hells Bells,AC/DC,POP,365,61
Malle Babbe,Rob de Nijs,POP,437,68
Owner Of A Lonely Heart,Yes,POP,292,70
Drops Of Jupiter (Tell Me),Train,POP,287,60
Hey Joe,Jimi Hendrix,POP,355,97
Con Te Partiro,Andrea Bocelli,POP,255,83
Easy Livin',Uriah Heep,POP,291,89
Never Be Clever,Herman Brood & His Wild Romance,POP,355,100
Road Trippin',Red Hot Chili Peppers,POP,343,66
The Passenger,Iggy Pop,POP,393,89
Firestarter,The Prodigy,POP,326,74
One Step Closer,Linkin Park,POP,329,81
Faster,Within Temptation,POP,293,56
Home,Dotan,POP,390,91
You Can Call Me Al,Paul Simon,POP,207,67
The Rising,Bruce Springsteen,ROCK,253,92
Papa Was A Rolling Stone (Albumversie),The Temptations,POP,318,85
Norwegian Wood (This Bird Has Flown),The Beatles,POP,229,93
Can't Stop,Red Hot Chili Peppers,POP,424,91
Ziggy Stardust,David Bowie,POP,317,97
State Of Independence,Donna Summer,POP,206,76
Tinseltown In The Rain,The Blue Nile,POP,431,64
What I've Done,Linkin Park,POP,218,59
Stand My Ground,Within Temptation,POP,219,59
Is Dit Alles,Doe Maar,POP,345,69
Heart-Shaped Box,Nirvana,POP,248,80
Moonlight Shadow,Mike Oldfield & Maggie Reilly,POP,387,61
Heaven,Bryan Adams,POP,195,53
Golden,Harry Styles,POP,366,60
Get Back,The Beatles,POP,331,92
S.O.S.,ABBA,METAL,388,100
You,Ten Sharp,POP,239,59
Love Like Blood,Killing Joke,POP,409,74
Roll Over Lay Down (Live),Status Quo,POP,388,89
I Gotta Feeling,The Black Eyed Peas,POP,219,73
Not An Addict,K's Choice,POP,262,85
Unchained Melody,Righteous Brothers,POP,225,100
'39,Queen,ROCK,221,72
Goodbye Stranger (Albumversie),Supertramp,POP,280,66
My Way,Herman Brood,POP,193,97
Zandloper,Typhoon,POP,224,82
Come On Eileen (Albumversie),Dexy's Midnight Runners,POP,420,61
Can't Stop Loving You,Phil Collins,POP,397,95
So Long,Fischer-Z,POP,188,81
Need Your Love So Bad,Fleetwood Mac,POP,291,91
Think (Blues Brothers Version),Aretha Franklin,POP,301,63
I Will Survive,Gloria Gaynor,POP,187,95
White Room,Cream,POP,385,79
Diamonds On The Soles Of Her Shoes (Albumversie),Paul Simon,POP,296,71
That's Life,Frank Sinatra,POP,203,74
Shout,Tears For Fears,POP,211,76
Four Seasons In One Day,Crowded House,POP,236,51
Titanium,David Guetta & Sia,POP,427,79
Try,P!nk,POP,247,50
Heading Up High,Armin van Buuren ft. Kensington,POP,329,66
Breakfast In America,Supertramp,POP,305,83
You Want It Darker,Leonard Cohen,POP,293,69
Every Little Thing She Does Is Magic,The Police,POP,229,57
Bigmouth Strikes Again,The Smiths,POP,385,67
All I Want Is You (Albumversie),U2,ROCK,394,85
Lady Writer,Dire Straits,POP,382,63
She Flies On Strange Wings,Golden Earring,POP,426,58
"Anyplace, Anywhere, Anytime",Nena & Kim Wilde,POP,195,50
Real Men,Joe Jackson,POP,324,92
Ik Leef Mijn Eigen Leven,André Hazes,POP,383,84
Dark Necessities,Red Hot Chili Peppers,POP,280,59
Be My Number Two,Joe Jackson,POP,330,91
Land Of Confusion,Genesis,POP,187,91
Clint Eastwood,Gorillaz,POP,400,88
Een Teken,Froukje,POP,219,91
Unintended,Muse,POP,420,64
Praying For Time,George Michael,POP,201,91
Disarm,Smashing Pumpkins,POP,435,100
Alles Is Liefde,BLØF,POP,321,81
Hou Vol Hou Vast,BLØF,POP,402,84
Karma,Taylor Swift,POP,363,55
Zitti E Buoni,Måneskin,POP,218,73
Birds,Anouk,POP,442,66
Bloemkôle,Oôs Joôs,POP,242,86
All I Ask,Adele,POP,230,80
Times Are Changing,DI-RECT,POP,321,90
Texas Sun,Khruangbin & Leon Bridges,POP,308,63
Fake Plastic Trees,Radiohead,POP,275,93
Plush,Stone Temple Pilots,POP,189,97
Eye Of The Tiger,Survivor,POP,284,54
Human,The Killers,POP,385,89
Chandelier,Sia,POP,334,54
Ruby Tuesday,The Rolling Stones,ROCK,291,80
The A Team,Ed Sheeran,POP,292,95
Listen To The Music,Doobie Brothers,POP,328,90
It's My Life,Talk Talk,POP,315,88
Let Me Entertain You,Robbie Williams,POP,441,85
Christmas Lights,Coldplay,POP,289,57
When The Sun Goes Down,Arctic Monkeys,POP,311,79
El Condor Pasa (If I Could),Simon & Garfunkel,POP,220,94
Stressed Out,Twenty One Pilots,POP,421,58
Smooth Operator (Albumversie),Sade,POP,289,82
Raspberry Beret,Prince & The Revolution,POP,222,82
Dancing In The Street,David Bowie & Mick Jagger,POP,329,84
Words,Bee Gees,POP,365,66
Behind Blue Eyes,Limp Bizkit,POP,286,51
Rood,Marco Borsato,POP,254,58
Musica E (Albumversie),Eros Ramazzotti,POP,340,87
Orinoco Flow (Sail Away),Enya,POP,285,95
Crime Of The Century,Supertramp,POP,373,80
Smack My Bitch Up,The Prodigy,POP,372,61
Stiekem Gedanst,Toontje Lager,POP,349,65
Halo,Beyoncé,POP,353,72
Tiny Dancer,Elton John,POP,304,76
Dat Ik Je Mis,Maaike Ouboter,POP,209,89
Take The Long Way Home,Supertramp,POP,343,64
Mijn Houten Hart,De Poema's,POP,389,76
Daar Gaat Ze,Clouseau,POP,450,56
You Took The Words Right Out Of My Mouth,Meat Loaf,POP,305,66
Luv U More,DJ Paul Elstak,POP,388,89
Tainted Love,Soft Cell,POP,431,94
Heaven,Niall Horan,POP,291,70
Here I Go Again,Whitesnake,POP,374,57
To Love Somebody,Bee Gees,POP,253,61
Vampire,Olivia Rodrigo,POP,348,94
Les Lacs Du Connemara,Michel Sardou,POP,245,77
Weak,Skunk Anansie,POP,450,65
Ashes To Ashes,David Bowie,POP,348,58
All I Need,Air,POP,186,71
De Zon Op,Diggy Dex,POP,192,79
Hymn For The Weekend,Coldplay,POP,401,97
Pain And Misery (Albumversie),The Teskey Brothers,POP,278,57
Suzie Q (Part 1),Creedence Clearwater Revival,POP,423,61
When The Party's Over,Billie Eilish,POP,285,68
Barracuda,Heart,POP,190,81
"Comptine D'un Autre Ete, L'Apres Midi (Amelie)",Yann Tiersen,POP,182,59
1979,Smashing Pumpkins,POP,448,74
Jigsaw Falling Into Place,Radiohead,POP,386,88
Absolute Beginners,David Bowie,POP,389,80
L'amour Toujours,Gigi D'agostino,POP,343,51
Vlinder,Rowwen Hèze,POP,435,70
Find The River,R.E.M.,POP,189,63
Just Can't Get Enough (Live),Depeche Mode,POP,199,76
Through The Echoes,Paolo Nutini,POP,337,72
Cowboy Like Me,Taylor Swift,POP,218,73
Hard Sun,Eddie Vedder,POP,409,100
Woman In Love,Barbra Streisand,POP,298,67
Bloedend Hart,De Dijk,POP,422,93
Marian,The Cats,POP,338,58
Love The Way You Lie,Eminem & Rihanna,POP,235,63
Perhaps Love,John Denver & Placido Domingo,POP,365,51
Niets Tussen,Froukje,POP,344,77
Good Old-Fashioned Lover Boy,Queen,ROCK,402,90
Changes,David Bowie,POP,321,63
Jesus He Knows Me,Genesis,POP,275,60
(You Make Me Feel Like A) Natural Woman,Aretha Franklin,POP,218,77
Magic,Coldplay,POP,278,54
Dance Me To The End Of Love,Leonard Cohen,POP,246,83
I Alone,Live,POP,391,58
"Ain't Got No, I Got Life (Original)",Nina Simone,POP,357,65
Go Like Elijah,Chi Coltrane,POP,366,95
Close To Me,The Cure,POP,324,55
Iederene Hef Een Reden,Bökkers,POP,396,67
Harvest Moon,Neil Young,POP,339,95
Wannabe,Spice Girls,POP,307,88
I Want You,Elvis Costello,POP,398,66
Follow The Sun,Xavier Rudd,POP,293,93
I Want It That Way,Backstreet Boys,POP,406,79
Before You Go,Lewis Capaldi,POP,200,70
Liverpool Rain,Racoon,POP,266,64
Chump Change,Quincy Jones,POP,256,77
Don't Speak,No Doubt,POP,284,53
Droomland,André Hazes & Paul de Leeuw,POP,293,95
War,Kensington,POP,389,75
Watermelon Sugar,Harry Styles,POP,397,95
Miss You,The Rolling Stones,ROCK,278,78
Killer/Papa Was A Rollin' Stone,George Michael,POP,280,79
Kiwi,Harry Styles,POP,369,72
Baby Can I Hold You,Tracy Chapman,POP,392,53
Jailhouse Rock,Elvis Presley,POP,274,59
Afraid Of The Dark,Chef'Special,POP,280,60
Easy Lover,Phil Collins & Philip Bailey,POP,268,94
Down Down,Status Quo,POP,180,72
I'll Take Care Of You (Albumversie),Beth Hart & Joe Bonamassa,POP,323,71
Radio,Rammstein,METAL,322,71
Slapeloze Nachten,The Opposites,POP,431,84
Sharp Dressed Man,ZZ Top,POP,304,72
Children,Robert Miles,POP,234,61
OMG It's Happening,DI-RECT,POP,249,60
The Unforgiven III,Metallica,METAL,239,97
Kristallnaach,BAP,POP,356,75
Go With The Flow,Queens Of The Stone Age,POP,198,82
Whatever It Takes,Imagine Dragons,POP,356,68
Now And Then,The Beatles,POP,376,50
Hunger Strike,Temple Of The Dog,POP,373,58
'n Beetje Verliefd,André Hazes,POP,189,100
Pamela (Albumversie),Toto,POP,372,76
You Are So Beautiful,Joe Cocker,POP,323,55
Lonely Boy,The Black Keys,POP,343,89
Hallelujah,Lisa Lois,POP,208,93
Hedonism (Just Because You Feel Good),Skunk Anansie,POP,205,88
Never Gonna Give You Up,Rick Astley,POP,276,68
Live Forever,Oasis,POP,196,90
Kingston Town,UB40,POP,217,74
9 Crimes,Damien Rice,POP,199,55
Better Man,Pearl Jam,ROCK,210,97
Like A Rolling Stone,Bob Dylan,POP,420,71
I Started A Joke,Bee Gees,POP,270,81
Sailing,Rod Stewart,POP,377,80
So Long Marianne,Leonard Cohen,POP,271,57
Everybody's Changing,Keane,POP,380,59
Bedshaped,Keane,POP,392,60
Sailing To Philadelphia (Albumversie),Mark Knopfler & James Taylor,POP,219,54
MacArthur Park,Donna Summer,POP,424,78
Heaven Must Be Missing An Angel,Tavares,POP,218,83
Red Right Hand,Nick Cave & The Bad Seeds,POP,193,56
Fly Me To The Moon,Frank Sinatra,POP,426,59
Venus,Shocking Blue,POP,335,90
You Need To Calm Down,Taylor Swift,POP,376,84
Black Betty (Albumversie),Ram Jam,POP,296,83
Wild Is The Wind,David Bowie,POP,312,87
In A Gadda Da Vida (Albumversie),Iron Butterfly,POP,439,77
Drivers License,Olivia Rodrigo,POP,293,61
Blowin' In The Wind,Bob Dylan,POP,386,93
One Way Or Another (Teenage Kicks),One Direction,POP,183,74
Waiting On A Sunny Day,Bruce Springsteen,ROCK,225,76
Mooie Dag,BLØF,POP,317,78
Homecoming,Kanye West & Chris Martin,POP,264,79
Hard To Say Goodbye,Rondé,POP,243,50
Ode To My Family,The Cranberries,POP,194,71
Waiting On A Friend,The Rolling Stones,ROCK,358,65
Il Volo,Zucchero,POP,321,88
You've Got A Friend,Carole King,POP,400,53
Spread Your Wings,Queen,ROCK,348,82
Mushanga,Toto,POP,218,96
Sugardaddy,Roxy Dekker,POP,222,88
Bad Romance,Lady Gaga,POP,402,65
Love Hurts,Nazareth,POP,280,98
No Mercy,Racoon,POP,249,63
You Say,Lauren Daigle,POP,346,57
Teach Your Children,"Crosby, Stills, Nash & Young",POP,311,60
People Are Strange,The Doors,POP,430,60
So Lonely,The Police,POP,239,95
Speed Of Sound,Coldplay,POP,233,91
It's A Long Way There (Albumversie),Little River Band,POP,188,79
Band On The Run,Paul McCartney & Wings,POP,222,77
Blaosmuziek,Gé Reinders,POP,393,84
True Colors,Cyndi Lauper,POP,203,100
I Wish It Would Rain Down,Phil Collins,POP,213,81
The Lady In Red,Chris de Burgh,POP,438,87
Bird Of Paradise,Snowy White,POP,334,72
Run To You,Bryan Adams,POP,350,88
I Heard It Through The Grapevine,Creedence Clearwater Revival,POP,339,68
Carry On Wayward Son (Albumversie),Kansas,POP,276,84
Crazy On You,Heart,POP,383,75
Munich,Editors,POP,395,58
Shape Of You,Ed Sheeran,POP,240,91
Proud Mary,Creedence Clearwater Revival,POP,298,83
Little Wing,Jimi Hendrix,POP,223,79
Homeward Bound,Simon & Garfunkel,POP,436,69
In The Blood,John Mayer,POP,183,61
Scarlet Ribbons,The Cats,POP,441,70
One More Time,Daft Punk,POP,296,73
You Know I'm No Good,Amy Winehouse,POP,450,96
You Do Something To Me,Paul Weller,POP,339,88
If You Tolerate This Your Children Will Be Next,Manic Street Preachers,POP,359,95
Way Down We Go,Kaleo,POP,361,63
One Of These Days,Pink Floyd,POP,317,58
Hee Joh Jip,Racoon,POP,203,54
Why Does My Heart Feel So Bad,Moby,POP,310,74
At Last,Etta James,POP,345,67
Yesterday When I Was Young,Charles Aznavour,POP,247,56
Dreams,The Cranberries,POP,435,99
Avalon,Roxy Music,POP,389,88
Uninvited,Alanis Morissette,POP,390,81
Big In Japan,Alphaville,POP,334,84
Gimme All Your Lovin' (Albumversie),ZZ Top,POP,400,64
Black Magic Woman,Santana,POP,327,92
This World Is Our Home,Douwe Bob,POP,357,76
Save Your Tears,The Weeknd,POP,280,94
Lust For Life,Iggy Pop,POP,377,75
Nergens Goed Voor,De Dijk,POP,432,58
The Spirit Of Radio (Albumversie),Rush,POP,261,90
Message To My Girl,Split Enz,POP,292,90
You're The Voice,John Farnham,POP,375,81
Welcome To The DCC,Nothing But Thieves,POP,185,89
Wake Me Up Before You Go-Go,Wham!,POP,298,82
Nights On Broadway,Bee Gees,POP,408,79
Fool To Cry,The Rolling Stones,ROCK,290,66
Going To A Town,Rufus Wainwright,POP,312,84
Candle In The Wind 1997,Elton John,POP,441,86
The Saints Are Coming,U2 & Green Day,POP,252,51
King Kunta,Kendrick Lamar,RAP,263,68
"You're The First, The Last, My Everything",Barry White,POP,184,83
Born This Way,Lady Gaga,POP,191,76
In My Life,The Beatles,POP,414,66
I Want It All,Queen,ROCK,445,99
Dani California,Red Hot Chili Peppers,POP,262,62
How Soon Is Now?,The Smiths,POP,272,58
Question,The Moody Blues,POP,367,80
50 Ways To Leave Your Lover,Paul Simon,POP,238,72
Beds Are Burning,Midnight Oil,POP,294,91
Sky And Sand,Paul Kalkbrenner,POP,213,90
Mr. Bojangles,Robbie Williams,POP,361,89
I Still Cry,Ilse DeLange,POP,180,87
Pa,Doe Maar,POP,384,53
We All Stand Together,Paul McCartney & Frog Chorus,POP,314,60
Stuck In A Moment You Can't Get Out Of,U2,ROCK,276,55
Send Me An Angel,Scorpions,POP,181,67
Our House,Madness,POP,316,76
Storm And Thunder,Earth & Fire,POP,414,69
Vas-y (Ga Maar),Suzan & Freek & Claude,POP,232,87
Geen Kind Meer,Karin Bloemen,POP,450,87
Amerika,Rammstein,METAL,394,74
In A Lifetime,Clannad & Bono,POP,195,51
Can't Hold Us,Macklemore & Ryan Lewis ft. Ray Dalton,POP,427,68
Girl,Anouk,POP,282,70
Stand By Me,Ben E. King,POP,345,83
How You Gonna See Me Now,Alice Cooper,POP,429,54
De Bestemming,Marco Borsato,POP,450,58
Flink Zijn,Robert Long,POP,253,97
Walk On The Wild Side,Lou Reed,POP,306,60
Angel Eyes,ABBA,METAL,251,63
Happy,Pharrell Williams,POP,434,72
Year Of Summer,Wildstylez ft. Niels Geusebroek,POP,391,58
Where Is The Love,The Black Eyed Peas,POP,360,72
Could You Be Loved,Bob Marley & The Wailers,POP,298,56
Autobahn,Kraftwerk,POP,312,85
Kiss,Prince & The Revolution,POP,180,82
I Wanna Dance With Somebody (Who Loves Me),Whitney Houston,POP,369,58
Everybody Needs Somebody To Love,The Blues Brothers,POP,233,83
Something Just Like This,The Chainsmokers & Coldplay,POP,425,97
Lippy Kids,Elbow,POP,319,72
If You Leave Me Now,Chicago,POP,333,71
Top Of The World,Carpenters,POP,193,64
Als Het Golft,De Dijk,POP,242,57
Pain,The War On Drugs,POP,231,71
Almost Cut My Hair,"Crosby, Stills, Nash & Young",POP,367,92
Denis,Blondie,POP,207,97
Bestel Mar,Rowwen Hèze,POP,209,96
De Boer Dat Is De Keerl,Normaal,POP,266,70
Trouble,Coldplay,POP,273,57
Sing For The Moment,Eminem,RAP,243,66
Fluorescent Adolescent,Arctic Monkeys,POP,270,56
Bend And Break,Keane,POP,330,69
Do They Know It's Christmas,Band Aid,POP,364,57
When I Was Your Man,Bruno Mars,POP,371,66
Geef Je Hart Niet Zomaar Weg,Racoon,POP,253,88
Get Lucky (Albumversie),Daft Punk ft. Pharrell Williams,POP,227,54
Driver's Seat,Sniff 'n The Tears,POP,254,96
Guilty,Barbra Streisand & Barry Gibb,POP,374,71
Kan Ik Iets Voor Je Doen?,De Dijk,POP,210,79
Fat Bottomed Girls (Albumversie),Queen,ROCK,253,70
My Silver Lining,First Aid Kit,POP,309,74
Coney Island,Taylor Swift ft. The National,POP,255,97
Ik Leef Niet Meer Voor Jou,Marco Borsato,POP,407,65
Time Is Running Out,Muse,POP,275,63
You Make Lovin' Fun,Fleetwood Mac,POP,383,52
(You're) The Devil In Disguise,Elvis Presley,POP,357,91
Rosie,Claw Boys Claw,POP,285,100
Knockin' On Heaven's Door,Bob Dylan,POP,237,83
Bad,Michael Jackson,POP,351,90
Have A Little Faith In Me,John Hiatt,POP,274,59
September Morn,Neil Diamond,POP,258,82
Someone Somewhere In Summertime,Simple Minds,POP,237,79
Treat People With Kindness,Harry Styles,POP,392,50
Locked Out Of Heaven,Bruno Mars,POP,299,65
Voodoo Child (Slight Return),Jimi Hendrix,POP,214,100
Adventure Of A Lifetime,Coldplay,POP,287,91
Cose Della Vita,Eros Ramazzotti & Tina Turner,POP,368,63
Hijo De La Luna,Mecano,POP,205,64
Wanted (Dead Or Alive) (Albumversie),Bon Jovi,POP,256,52
Keep On Loving You,REO Speedwagon,POP,291,68
Why Worry (Albumversie),Dire Straits,POP,393,68
Night Boat To Cairo,Madness,POP,307,57
Listen To Your Heart (Albumversie),Roxette,POP,239,90
The Gambler,Kenny Rogers,POP,185,53
Blauwe Dag,Suzan & Freek,POP,250,60
Hoe Het Danst,"Marco Borsato, Armin van Buuren & Davina Michelle",POP,205,62
Natural,Imagine Dragons,POP,189,60
My Heart Will Go On,Céline Dion,POP,384,98
Holiday,Green Day,POP,324,77
Babooshka,Kate Bush,POP,422,94
Miracle,Ilse DeLange,POP,402,78
Two Out Of Three Ain't Bad (Albumversie),Meat Loaf,POP,252,57
Midnight Train To Georgia,Gladys Knight & The Pips,POP,384,76
Rooster,Alice In Chains,POP,434,84
Sandstorm,Darude,POP,198,84
Ich Bin Wie Du,Marianne Rosenberg,POP,385,95
Seven Wonders,Fleetwood Mac,POP,229,81
Road To Nowhere,Talking Heads,POP,196,70
Pinball Wizard,The Who,POP,409,91
Cambodia,Kim Wilde,POP,223,91
Afscheid Nemen Bestaat Niet,Marco Borsato,POP,239,71
You Have Been Loved,George Michael,POP,419,54
Nur Geträumt,Nena,POP,227,97
Hurt,Christina Aguilera,POP,184,58
Sound And Vision,David Bowie,POP,361,93
Scenes From An Italian Restaurant,Billy Joel,POP,354,54
One Word,Anouk,POP,322,53
Feeling Good,Nina Simone,POP,355,81
London Calling,The Clash,POP,358,77
An American Trilogy,Elvis Presley,POP,443,79
Nickel For Goodbye,Racoon,POP,223,98
It Must Have Been Love,Roxette,POP,271,89
Here Without You,3 Doors Down,POP,374,69
We Didn't Start The Fire,Billy Joel,POP,357,75
The Wind Cries Mary,Jimi Hendrix,POP,400,55
Motorcycle Emptiness,Manic Street Preachers,POP,229,99
Ik Wou Dat Ik Jou Was,Veldhuis & Kemper,POP,365,52
No Surrender,Bruce Springsteen,ROCK,201,80
You Should Be Dancing,Bee Gees,POP,214,81
21 Guns,Green Day,POP,321,56
You Oughta Know,Alanis Morissette,POP,351,86
Adagio For Strings,Tiësto,POP,223,82
Club Tropicana,Wham!,POP,335,78
Verdammt Ich Lieb' Dich,Matthias Reim,POP,378,82
As,George Michael & Mary J. Blige,POP,336,71
Locomotive Breath,Jethro Tull,POP,250,84
Calm After The Storm,The Common Linnets,POP,429,66
Enemy,Imagine Dragons,POP,405,63
Calypso,John Denver,POP,335,50
Mr. Jones,Counting Crows,POP,430,72
All The Small Things,Blink-182,POP,211,89
Pure Morning,Placebo,POP,341,50
Automatisch,Flemming,POP,308,96
How To Save A Life,The Fray,POP,277,84
Mia,GorkI,POP,198,52
Het Land Van Maas En Waal,Boudewijn de Groot,POP,299,73
Somebody Told Me,The Killers,POP,320,82
Baggy Trousers,Madness,POP,326,73
Bad Blood (Taylor's Version),Taylor Swift,POP,242,91
Sweet Disposition,The Temper Trap,POP,227,88
Love And Hate (Albumversie),Michael Kiwanuka,POP,420,59
Mirrors,Justin Timberlake,POP,430,67
Black Velvet (Albumversie),Alannah Myles,POP,205,98
Don't Leave Me This Way,The Communards & Sarah Jane Morris,POP,409,88
Michelle,The Beatles,POP,385,84
Use Somebody,Kings Of Leon,POP,268,70
Adore You,Harry Styles,POP,180,77
Are You Gonna Go My Way?,Lenny Kravitz,POP,344,97
Kids,MGMT,POP,289,93
Edge Of Seventeen,Stevie Nicks,POP,248,82
You'll Never Walk Alone,Lee Towers,POP,415,100
Photograph,Ed Sheeran,POP,180,57
I Knew You Were Trouble (Taylor’s Version),Taylor Swift,POP,377,76
Johnny B. Goode,Chuck Berry,POP,305,79
Hilversum 3,Herman van Veen,POP,381,98
Voltooid Verleden Tijd,Is Ook Schitterend,POP,280,98
Une Belle Histoire/Een Mooi Verhaal,Alderliefste & Paul de Leeuw,POP,389,64
Bicycle Race,Queen,ROCK,344,83
De Diepte,S10,POP,303,57
Mercedes Benz,Janis Joplin,POP,272,79
Honky Tonk Women,The Rolling Stones,ROCK,329,74
Alles Wat Ademt,Rob de Nijs,POP,269,52
I Follow Rivers,Triggerfinger,POP,280,66
Aanzoek Zonder Ringen,BLØF,POP,379,96
The Fool On The Hill,The Beatles,POP,274,62
Night Fever,Bee Gees,POP,304,72
Friends Will Be Friends,Queen,ROCK,378,54
Nutbush City Limits,Ike & Tina Turner,POP,354,66
Love Myself,Rondé,POP,440,79
Vriendschap,Het Goede Doel,POP,244,50
Espresso,Sabrina Carpenter,POP,263,62
"Lover, You Should've Come Over",Jeff Buckley,POP,409,85
Scarborough Fair,Simon & Garfunkel,POP,406,86
..In Paris,Kanye West & Jay-Z,POP,192,61
Simple Man,Lynyrd Skynyrd,POP,423,76
Boogie Wonderland,"Earth, Wind & Fire & The Emotions",POP,194,67
Everything Now (Albumversie),Arcade Fire,POP,295,72
Non Non Rien n'a Changé,Les Poppys,POP,298,100
Home Again,Michael Kiwanuka,POP,280,71
Walking In Memphis,Marc Cohn,POP,364,78
Jesus Of Suburbia,Green Day,POP,305,82
Cold Heart (Pnau Remix),Elton John & Dua Lipa,POP,278,93
Beautiful People,Melanie,POP,249,99
De Weg,Guus Meeuwis,POP,412,100
The Times They Are A-Changin',Bob Dylan,POP,278,83
Cry Baby,Janis Joplin,POP,310,88
Uncertain Smile (Albumversie),The The,POP,330,98
Dans M'n Ogen Dicht,Meau ft. Racoon,POP,349,54
Farewell To The Fairground,White Lies,POP,311,75
Tequila Sunrise,Eagles,ROCK,346,85
Traffic,Tiësto,POP,445,70
Life's What You Make It,Talk Talk,POP,309,91
House For Sale,Lucifer,POP,207,97
90s Kid,DI-RECT,POP,209,98
About A Girl (Unplugged),Nirvana,POP,331,90
Born To Be Wild,Steppenwolf,POP,296,61
When Love Comes To Town,U2 & BB King,POP,341,75
Late Night Talking,Harry Styles,POP,450,85
Is This Love,Bob Marley & The Wailers,POP,339,97
Daughter,Pearl Jam,ROCK,358,94
Dear Mama,2Pac,POP,390,72
Tumble And Fall,Johan,POP,184,51
Hold Me,The Teskey Brothers,POP,396,63
Madness,Muse,POP,291,98
Nederwiet (Albumversie),Doe Maar,POP,450,81
Sowing The Seeds Of Love,Tears For Fears,POP,423,71
We Come 1,Faithless,POP,221,93
Do I Ever,Kensington,POP,391,98
Rockin' All Over The World,Status Quo,POP,201,51
Since I've Been Loving You,Led Zeppelin,ROCK,304,61
Dichterbij Dan Ooit,BLØF,POP,305,92
Supermarket Flowers,Ed Sheeran,POP,349,75
Breathe (In The Air),Pink Floyd,POP,227,64
Just Say Yes (Albumversie),Snow Patrol,POP,251,58
Going Home: Theme Of The Local Hero,Mark Knopfler,POP,289,52
Best Of You,Foo Fighters,POP,240,72
Let Love Rule,Lenny Kravitz,POP,209,83
Don't You Want Me,The Human League,POP,415,93
Down On The Corner,Creedence Clearwater Revival,POP,195,62
Oh Well (Albumversie),Fleetwood Mac,POP,246,70
You Win Again,Bee Gees,POP,353,90
We Are Never Ever Getting Back Together (Taylor’s Version),Taylor Swift,POP,437,65
La Solitudine,Laura Pausini,POP,423,82
The Living Years,Mike & The Mechanics,POP,291,77
Crazy,Seal,POP,354,52
In Bloom,Nirvana,POP,257,57
Save A Prayer,Duran Duran,POP,322,99
Give It Away,Red Hot Chili Peppers,POP,205,62
Broken Wings,Mr. Mister,POP,386,56
Riddles,Kensington,POP,347,51
Skandal Im Sperrbezirk,Spider Murphy Gang,POP,446,65
Niet Voor Het Laatst,Rob de Nijs,POP,440,53
Me Gustas Tu,Manu Chao,POP,183,80
Long As I Can See The Light,Creedence Clearwater Revival,POP,210,72
Memory,Barbra Streisand,POP,289,69
Frozen,Madonna,POP,260,67
Als Ik Je Weer Zie,"Thomas Acda, Paul de Munnik, Maan & Typhoon",POP,333,90
7 Years,Lukas Graham,POP,238,78
Ventura Highway,America,POP,411,95
Hier Komt De Storm,Frank Boeijen Groep,POP,318,95
Drive,R.E.M.,POP,227,82
Hall Of Fame,The Script ft. Will.I.Am,POP,385,63
'n Vriend,André Hazes,POP,377,96
The Dolphin's Cry,Live,POP,207,97
Rebel Rebel,David Bowie,POP,355,60
Eternal Flame,The Bangles,POP,332,68
Resistance (Albumversie),Muse,POP,431,57
What A Fool Believes,Doobie Brothers,POP,415,93
Something In The Way,Nirvana,POP,200,55
Circles,Post Malone,POP,337,83
Gypsy,Fleetwood Mac,POP,428,84
Take This Waltz,Leonard Cohen,POP,368,51
De Waarheid,Marco Borsato,POP,306,57
Roadhouse Blues,The Doors,POP,396,85
Disco Inferno,The Trammps,POP,372,76
I Wish,Stevie Wonder,POP,273,79
Man On The Moon,R.E.M.,POP,405,57
Undisclosed Desires,Muse,POP,320,55
Beautiful Things,Benson Boone,POP,252,87
Good 4 U,Olivia Rodrigo,POP,441,77
On Top Of The World,Imagine Dragons,POP,287,64
The Monster,Eminem & Rihanna,POP,399,87
Cecilia,Simon & Garfunkel,POP,367,56
Can't Stop The Feeling!,Justin Timberlake,POP,260,71
Sledgehammer,Peter Gabriel,POP,228,56
Memories,Earth & Fire,POP,330,83
Mad World,Michael Andrews ft. Gary Jules,POP,213,61
Vertigo,U2,ROCK,317,90
Learning To Fly,Tom Petty & The Heartbreakers,POP,406,100
I Have Nothing,Whitney Houston,POP,391,81
Lovely Day,Bill Withers,POP,358,92
"Good Luck, Babe!",Chappell Roan,POP,276,74
Poker Face,Lady Gaga,POP,323,96
Virtual Insanity,Jamiroquai,POP,313,76
L.A. Song (Albumversie),Beth Hart,POP,447,82
Lovesong,The Cure,POP,375,64
Wat Zou Je Doen?,BLØF,POP,369,61
Rumour Has It,Adele,POP,186,91
I'm Not So Tough,Ilse Delange,POP,301,60
Army Dreamers,Kate Bush,POP,436,62
Heaven Knows I'm Miserable Now,The Smiths,POP,348,88
Dodenrit,Drs. P,POP,229,95
Biko,Peter Gabriel,POP,211,62
Mull Of Kintyre,Paul McCartney & Wings,POP,375,57
Tom Traubert's Blues (Waltzing Mathilda),Tom Waits,POP,214,84
Your Love,Outfield,POP,230,72
Bagagedrager,Spinvis,POP,333,62
Long Train Runnin',Doobie Brothers,POP,210,64
Take Five,Dave Brubeck Quartet,POP,344,52
It's A Sin,Pet Shop Boys,POP,259,93
Nu Wij Niet Meer Praten,Pommelien Thijs & Jaap Reesema,POP,418,64
Free Fallin' (Live),John Mayer,POP,336,80
School's Out,Alice Cooper,POP,420,98
Back Home,Golden Earring,POP,301,82
Killing Me Softly,Fugees,POP,227,62
Pressure Makes Diamonds (2020),Danny Vera,POP,253,95
Lost,Frank Ocean,POP,356,71
Kalverliefde,Robert Long,POP,342,74
Streets Of London,Ralph McTell,POP,241,100
Alie,Normaal,POP,305,74
Like Toy Soldiers,Eminem,RAP,317,55
Little Green Bag,George Baker Selection,POP,364,70
If You Could See Me Now,The Script,POP,410,69
Bones,Imagine Dragons,POP,403,66
Times Like These,Foo Fighters,POP,247,68
N'Oubliez Jamais,Joe Cocker,POP,400,99
Murder On The Dancefloor,Sophie Ellis Bextor,POP,294,63
Suzanne,Herman van Veen,POP,438,89
Little Talks,Of Monsters And Men,POP,337,70
Pride And Joy,Stevie Ray Vaughan,POP,335,78
Maneater,Daryl Hall & John Oates,POP,441,91
"He Ain't Heavy, He's My Brother",The Hollies,POP,443,64
Candy,Iggy Pop & Kate Pierson,POP,188,96
At Seventeen,Janis Ian,POP,222,59
Uptown Girl,Billy Joel,POP,352,72
Stars,Simply Red,POP,304,99
Live And Let Die,Guns N' Roses,POP,225,96
Amsterdam,Flemming,POP,410,64
Wat Wil Je Van Mij,Metejoor & Hannah Mae,POP,327,88
Up Around The Bend,Creedence Clearwater Revival,POP,401,85
Dazed And Confused,Led Zeppelin,ROCK,311,95
Devil Don't Care,DI-RECT,POP,249,71
My Sweet Lord,George Harrison,POP,197,73
The Promise You Made,Cock Robin,POP,367,71
Lessons In Love,Level 42,POP,190,85
West End Girls,Pet Shop Boys,POP,320,77
Keep Your Head Up,Ben Howard,POP,420,62
I Don't Live Here Anymore,The War On Drugs,POP,396,81
Radio,Lana Del Rey,POP,306,67
Magnificent (She Says),Elbow,POP,292,75
City Of Blinding Lights,U2,ROCK,432,50
This Charming Man,The Smiths,POP,235,94
Epic,Faith No More,POP,274,54
Turning Tables,Adele,POP,219,80
Candy,Paolo Nutini,POP,339,96
Don't Bring Me Down,Electric Light Orchestra,POP,342,76
A Change Is Gonna Come,Sam Cooke,POP,209,73
More Than Words,Extreme,POP,260,78
Love Is A Battlefield,Pat Benatar,POP,344,56
Euphoria,Loreen,POP,311,54
Pretty Fly (For A White Guy),The Offspring,POP,433,100
Forever Autumn,Jeff Wayne & Justin Hayward,POP,267,55
Every Teardrop Is A Waterfall,Coldplay,POP,308,86
Mooi Liedje,Acda en De Munnik,POP,405,56
Stranger In Moscow,Michael Jackson,POP,232,87
Too Much Love Will Kill You,Brian May,POP,313,84
Somebody Will Know Someday,Cuby & the Blizzards,POP,337,65
Lazarus,David Bowie,POP,208,99
Hold Me Now,Golden Earring,POP,208,98
Shut Up And Dance,Walk The Moon,POP,382,92
Music For A Sushi Restaurant,Harry Styles,POP,194,54
Zaterdag,BLØF,POP,437,97
Why'd You Only Call Me When You're High?,Arctic Monkeys,POP,263,92
Ik Bun Moar Een Eenvoudige Boerenlul,Normaal,POP,261,55
Pak Maar Mijn Hand,Nick & Simon,POP,362,54
Het Laatste Rondje,André Hazes,POP,326,77
High And Dry,Radiohead,POP,388,63
Tell Him,Céline Dion & Barbra Streisand,POP,182,63
Free Fallin',Tom Petty,POP,298,69
The Way It Is,Bruce Hornsby & The Range,POP,385,62
Houdini,Dua Lipa,POP,329,70
Common People (Albumversie),Pulp,POP,434,83
Songbird,Eva Cassidy,POP,229,53
Fireflies,Owl City,POP,197,53
Shiny Happy People,R.E.M.,POP,386,51
Roundabout (Albumversie),Yes,POP,225,67
Cover Me In Sunshine,P!nk ft. Willow Sage Heart,POP,336,69
Rock With You,Michael Jackson,POP,399,74
Help!,The Beatles,POP,238,59
Wonderful Life,Black,METAL,393,82
Silence (Tiësto Mix),Delerium ft. Sarah McLachlan,POP,220,73
Nine Million Bicycles,Katie Melua,POP,204,84
Jump Around,House Of Pain,POP,428,95
Don't Go Breaking My Heart,Elton John & Kiki Dee,POP,406,74
Ik Meen 't,André Hazes,POP,198,87
Cleanin' Out My Closet,Eminem,RAP,369,68
Live To Tell,Madonna,POP,291,78
All I Want,Kodaline,POP,264,88
Save Me,Queen,ROCK,385,71
Heart Of Glass,Blondie,POP,356,57
Greatest Love Of All,Whitney Houston,POP,188,54
She's The One,Robbie Williams,POP,409,67
Anne,Herman van Veen,POP,446,77
Hello,Lionel Richie,POP,304,59
This Is Not America,David Bowie & Pat Metheny Group,POP,312,77
So Far Away (Albumversie),Dire Straits,POP,423,91
Max,Paolo Conte,POP,204,50
Enola Gay,Orchestral Manoeuvres In The Dark,POP,445,63
Make It Wit Chu,Queens Of The Stone Age,POP,223,61
Big Log,Robert Plant,POP,267,69
Zij,Marco Borsato,POP,310,100
Appleknockers Flophouse,Cuby & the Blizzards,POP,377,56
Glycerine,Bush,POP,334,84
For Crying Out Loud (Albumversie),Meat Loaf,POP,256,61
Mary Jane's Last Dance,Tom Petty & The Heartbreakers,POP,257,90
The Boys Are Back In Town,Thin Lizzy,POP,262,87
No Good (Start The Dance),The Prodigy,POP,240,98
You've Got The Love,Florence + The Machine,POP,425,57
Love Me Tender,Elvis Presley,POP,399,72
Tous Les Mêmes,Stromae,POP,329,63
Hemel Valt,Typhoon,POP,353,56
You Don't Fool Me,Queen,ROCK,232,58
Where The Heart Is,Haevn,POP,284,82
So Incredible,Ilse DeLange,POP,348,98
Stir It Up (Live),Bob Marley & The Wailers,POP,340,88
Counting Stars,OneRepublic,POP,324,66
Make Me Smile (Come Up And See Me),Steve Harley & Cockney Rebel,POP,276,80
Human Nature,Michael Jackson,POP,182,50
The Wild Rover (Live),The Dubliners,POP,207,99
All You Need Is Love,The Beatles,POP,392,97
On Melancholy Hill,Gorillaz,POP,183,86
Grow Old With Me,Tom Odell,POP,190,85
Because The Night,Patti Smith Group,POP,185,52
Human Touch,Bruce Springsteen,ROCK,244,86
Just Like Heaven,The Cure,POP,368,98
Raise Your Glass,P!nk,POP,445,58
Bloodbuzz Ohio,The National,POP,287,52
Summer Night City,ABBA,METAL,278,70
Run To The Water,Live,POP,186,96
Guitar Man,Elvis Presley,POP,414,83
Talkin' Bout A Revolution,Tracy Chapman,POP,348,88
If You Don't Know Me By Now,Simply Red,POP,436,93
Cold,Chris Stapleton,POP,380,71
Hold On To Let Go,Danny Vera,POP,317,90
Dirty Old Town,The Pogues,POP,384,50
Secret Garden,Bruce Springsteen,ROCK,245,84
Doin' Time,Lana Del Rey,POP,276,98
Stuck In The Middle With You,Stealers Wheel,POP,444,93
Weather With You,Crowded House,POP,248,55
Winter In Hamburg,Frank Boeijen Groep,POP,308,71
Bad Liar,Imagine Dragons,POP,317,64
Links Rechts,Snollebollekes,POP,285,88
Tuesday Afternoon,The Moody Blues,POP,420,72
Always On My Mind,Willie Nelson,POP,244,64
Head Over Heels,Tears For Fears,POP,283,91
Angry,The Rolling Stones,ROCK,379,52
Born To Be Alive,Patrick Hernandez,POP,203,51
Don't Answer Me,The Alan Parsons Project,POP,367,54
Hide In Your Shell,Supertramp,POP,385,93
Quiero,Julio Iglesias,POP,271,71
Als De Zon Schijnt,André van Duin,POP,376,59
Domino,Clouseau,POP,315,62
Nightporter,Japan,POP,197,52
Maggie May,Rod Stewart,POP,417,76
The Reflex,Duran Duran,POP,434,73
White Horse,Chris Stapleton,POP,205,90
Charlie Brown,Coldplay,POP,302,84
Adem Je In,S10,POP,216,62
Home Of The Brave,Toto,POP,238,70
Blijven Slapen,Snelle & Maan,POP,413,85
La Isla Bonita,Madonna,POP,306,94
White Flag,Dido,POP,436,56
Vluchten Kan Niet Meer,Jenny Arean & Frans Halsema,POP,432,60
Sorry Seems To Be The Hardest Word,Elton John,POP,361,88
Eyes Without A Face,Billy Idol,POP,405,89
Water Under The Bridge,Adele,POP,301,74
Can You Feel The Love Tonight,Elton John,POP,308,77
Damn Those Eyes,Kane,POP,280,88
Casser La Voix (Live),Patrick Bruel,POP,433,74
How Can We Hang On To A Dream,Tim Hardin,POP,222,79
Sammy,Ramses Shaffy,POP,255,68
Theme From 'Harry's Game',Clannad,POP,368,96
We Don't Need Another Hero,Tina Turner,POP,260,100
I Do,Douwe Bob & Jacqueline Govaert,POP,211,50
Racing In The Street,Bruce Springsteen,ROCK,443,81
Shut Your Eyes,Snow Patrol,POP,243,53
Sir Duke,Stevie Wonder,POP,437,58
Won't Get Fooled Again (Albumversie),The Who,POP,407,97
Memories,Within Temptation,POP,424,93
Grenade,Bruno Mars,POP,364,85
Under My Thumb,The Rolling Stones,ROCK,238,72
I'd Rather Go Blind,Etta James,POP,180,85
I Knew You Were Waiting (For Me),George Michael & Aretha Franklin,POP,277,90
Water Of Love,Dire Straits,POP,185,80
Oxygene IV,Jean Michel Jarre,POP,347,60
Whisky In The Jar (Albumversie),Thin Lizzy,POP,331,91
Cocaine,Eric Clapton,POP,201,89
You Could Be Mine,Guns N' Roses,POP,180,86
Summertime,Brainbox,POP,244,100
Dakota,Stereophonics,POP,290,72
Home By The Sea,Genesis,POP,253,78
The First Time Ever I Saw Your Face,Roberta Flack,POP,233,55
Will You Be There,Michael Jackson,POP,420,83
Love Is A Losing Game,Amy Winehouse,POP,371,94
San Quentin (Live),Johnny Cash,POP,210,84
Unchain My Heart,Joe Cocker,POP,381,70
Money Money Money,ABBA,METAL,196,55
Slow Hands,Niall Horan,POP,413,51
Laat Het Vanavond Gebeuren,De Dijk,POP,360,61
Nescio,Nits,POP,346,85
Lost Without You,Krezip,POP,192,96
Little Red Rooster,The Rolling Stones,ROCK,342,54
Vlieg Met Me Mee (Live),Paul de Leeuw,POP,276,58
Beautiful Goodbye,Amanda Marshall,POP,314,61
The Air That I Breathe,The Hollies,POP,240,91
I Can't Sleep Without You (Naked),Golden Earring,POP,258,70
Luka,Suzanne Vega,POP,279,77
Bad Habits,Ed Sheeran,POP,286,52
Walking On The Moon,The Police,POP,196,93
Maybe Tomorrow,Stereophonics,POP,304,82
Wer Bisto,Twarres,POP,254,50
In Dreams,Roy Orbison,POP,235,84
Time After Time,Cyndi Lauper,POP,327,53
Eloise,Barry Ryan,POP,309,51
We Are The World,U.S.A. For Africa,POP,426,53
Diane,Therapy?,POP,362,79
Big Love,Fleetwood Mac,POP,418,84
Unstoppable,Sia,POP,346,97
24K Magic,Bruno Mars,POP,223,80
Food For Thought,UB40,POP,193,97
Moth To A Flame,Swedish House Mafia ft. The Weeknd,POP,275,95
Return To Sender,Elvis Presley,POP,441,54
Don't Stop 'Til You Get Enough (Albumversie),Michael Jackson,POP,409,89
Het Is Koud Zonder Jou,André Hazes,POP,190,77
Annabel,Hans de Booij,POP,291,59
Golden Years,David Bowie,POP,269,61
Starboy,The Weeknd ft. Daft Punk,POP,448,96
New York Minute,Don Henley,POP,213,89
Heaven Can Wait,Meat Loaf,POP,298,58
La Vie Est Belle,Diggy Dex & Vali,POP,425,54
In Your Eyes (Albumversie),Peter Gabriel,POP,375,56
She's Leaving Home,The Beatles,POP,270,61
Everytime I Think Of You,The Babys,POP,386,60
Green Eyes,Coldplay,POP,433,100
Flappie,Youp van 't Hek,POP,203,65
Everybody (Backstreet's Back),Backstreet Boys,POP,377,53
Memory Remains,Metallica,METAL,207,92
The Drugs Don't Work,The Verve,POP,418,92
Overture (Tommy),The Who,POP,334,63
Lonesome Rider,Volbeat ft. Sarah Blackwood,POP,262,75
Sure Know Something,KISS,POP,351,58
Bullet With Butterfly Wings,Smashing Pumpkins,POP,444,76
Goodbye My Lover,James Blunt,POP,272,90
Open Your Eyes,Guano Apes,POP,295,58
Sunrise,Norah Jones,POP,401,79
Isn't She Lovely,Stevie Wonder,POP,411,81
Last Train Home,John Mayer,POP,352,97
I Would Die 4 U,Prince & The Revolution,POP,345,96
Living In Another World,Talk Talk,POP,381,58
Rapper's Delight,Sugarhill Gang,POP,224,81
Animals,Martin Garrix,POP,425,83
By The Way,Red Hot Chili Peppers,POP,188,73
Speed Of Light,Chef'Special,POP,235,71
Remedy,The Black Crowes,POP,338,73
Faded,Alan Walker,POP,227,71
Relax,Frankie Goes To Hollywood,POP,294,96
Shivers,Ed Sheeran,POP,225,91
For Bitter Or Worse,Anouk,POP,243,54
It's Raining Men,Weather Girls,POP,355,100
With Arms Wide Open,Creed,POP,396,62
Als Je Wint,Herman Brood & Henny Vrienten,POP,248,71
Pyro,Kings Of Leon,POP,397,95
Josephine,Chris Rea,POP,362,78
Laat Me Los,S10 & BLØF,POP,183,58
Times Were When,The Cats,POP,276,77
The Devil's Son,Danny Vera,POP,193,58
Walking On A Dream,Empire Of The Sun,POP,368,64
Green Green Grass Of Home,Tom Jones,POP,378,91
Weekend,Earth & Fire,POP,409,60
Close To The Edge (Albumversie),Yes,POP,412,72
Breathe,The Prodigy,POP,332,54
Midnight Rambler,The Rolling Stones,ROCK,214,69
I Need My Girl,The National,POP,262,69
25 Or 6 To 4,Chicago,POP,198,54
Riptide,Vance Joy,POP,268,55
Mijn Vlakke Land,Jacques Brel,POP,370,78
7 Seconds,Youssou N'Dour & Neneh Cherry,POP,359,98
Addicted To You,Avicii,HOUSE,329,75
Spicks And Specks,Bee Gees,POP,351,67
Long Cool Woman (In A Black Dress),The Hollies,POP,234,88
Sharks,Imagine Dragons,POP,306,54
All My Life,Foo Fighters,POP,307,66
Twist In My Sobriety,Tanita Tikaram,POP,319,83
Move On Up,Curtis Mayfield,POP,431,88
Gold On The Ceiling,The Black Keys,POP,302,50
An End Has A Start,Editors,POP,335,92
Hier,BLØF,POP,340,66
Give Up Your Guns,The Buoys,POP,278,67
't Dondert En 't Bliksemt,Guus Meeuwis,POP,450,69
I Heard It Through The Grapevine,Marvin Gaye,POP,321,76
Love Is All,Roger Glover & Guests,POP,373,90
Talk,Coldplay,POP,420,85
Sexual Healing,Marvin Gaye,POP,435,93
Fire,Floor Jansen,POP,373,69
Blah Blah Blah,Armin van Buuren,HOUSE,374,96
The Name Of The Game (Albumversie),ABBA,METAL,439,54
Black Dog,Led Zeppelin,ROCK,216,72
Night Changes,One Direction,POP,318,77
The One I Love,R.E.M.,POP,439,92
Too Sweet,Hozier,POP,354,51
Teenage Dirtbag,Wheatus,POP,442,98
Love On The Rocks,Neil Diamond,POP,422,87
Purple Haze,Jimi Hendrix,POP,198,85
Feeling Good,Michael Bublé,POP,405,88
My Name Is,Eminem,RAP,403,79
A Little Less Conversation,Elvis Presley vs. Junkie XL,POP,426,91
Angel Of Harlem,U2,ROCK,259,79
Mmm Mmm Mmm Mmm,Crash Test Dummies,POP,435,77
Girls Just Want To Have Fun,Cyndi Lauper,POP,342,63
Jumpin' Jack Flash,The Rolling Stones,ROCK,218,92
Breakeven,The Script,POP,374,93
Panama,Van Halen,POP,190,75
Tie Your Mother Down,Queen,ROCK,203,97
Prikkebeen,Boudewijn de Groot,POP,339,65
Peter Gunn Theme,"Emerson, Lake & Palmer",POP,420,83
When You Say Nothing At All,Ronan Keating,POP,447,51
I Just Died In Your Arms Tonight,Cutting Crew,POP,449,87
The Way You Make Me Feel (Albumversie),Michael Jackson,POP,353,92
Wish You The Best,Lewis Capaldi,POP,377,81
Grace Kelly,Mika,POP,319,78
Stay,Rihanna ft. Mikky Ekko,POP,218,81
Bright Eyes,Rondé,POP,317,74
Hey Ya!,Outkast,POP,228,77
Father & Friend,Alain Clark,POP,328,84
New York State Of Mind,Billy Joel,POP,376,75
Shoes Of Lightning,Racoon,POP,341,57
Mensch,Herbert Grönemeyer,POP,397,64
'T Roeie Klied,Rowwen Hèze,POP,212,93
Wij Zullen Doorgaan,Ramses Shaffy,POP,259,87
Thank U,Alanis Morissette,POP,415,100
Born On The Bayou,Creedence Clearwater Revival,POP,392,65
The Cross,Prince,POP,227,64
Desert Rose,Sting & Cheb Mami,POP,303,98
Ain't No Mountain High Enough,Marvin Gaye & Tammi Terrell,POP,207,81
Fast Car,Luke Combs,POP,304,79
Still Believe,Herman Brood & His Wild Romance,POP,232,53
Love Really Hurts Without You,Billy Ocean,POP,379,59
Into The Mystic,Van Morrison,POP,402,59
Hunting High And Low,A-ha,POP,447,72
Late In The Evening,Paul Simon,POP,276,83
Chemical,Post Malone,POP,361,81
Dancing With Tears In My Eyes,Ultravox,POP,442,64
Red Mij Niet,Maarten van Roozendaal,POP,305,56
Off The Wall,Michael Jackson,POP,256,84
Just The Two Of Us (Albumversie),"Bill Withers & Grover Washington, Jr.",POP,269,68
The Man Who Sold The World,David Bowie,POP,411,72
The Racing Rats,Editors,POP,346,99
Ben Ik Te Min,Armand,POP,223,85
Up Where We Belong,Joe Cocker & Jennifer Warnes,POP,229,86
Are You Lonesome Tonight?,Elvis Presley,POP,209,52
Believe,Cher,POP,372,63
Never Gonna Not Dance Again,P!nk,POP,241,77
Fight For Your Right (To Party),Beastie Boys,POP,319,52
Voor Ik Vergeet,Spinvis,POP,266,96
Honesty,Billy Joel,POP,198,57
I Am The Walrus,The Beatles,POP,433,92
Fire And Rain,James Taylor,POP,418,53
Ordinary Love,U2,ROCK,435,67
Moondance,Van Morrison,POP,443,73
Blackstar,David Bowie,POP,256,65
Hypnotize,Notorious B.I.G.,RAP,261,93
Dear Mr. President,P!nk,POP,182,82
Lost On You,LP,POP,409,67
Reünie,Snelle,POP,309,70
Let's Go Crazy,Prince,POP,436,50
Black Night,Deep Purple,POP,240,73
Galway Girl,Ed Sheeran,POP,402,62
Proosten,Guus Meeuwis,POP,317,71
Lucy In The Sky With Diamonds,The Beatles,POP,304,77
Cold As Ice,Foreigner,POP,415,69
Buffalo Soldier,Bob Marley & The Wailers,POP,207,71
(I've Had) The Time Of My Life,Bill Medley & Jennifer Warnes,POP,439,58
You've Got A Friend,James Taylor,POP,352,78
Ob-La-Di Ob-La-Da,The Beatles,POP,278,52
Brilliant Disguise,Bruce Springsteen,ROCK,339,79
Fox On The Run (Albumversie),Sweet,POP,309,58
Burning Heart,Vandenberg,POP,315,50
A Head Full Of Dreams,Coldplay,POP,232,91
Hart Van Mijn Gevoel,De Kast,POP,267,77
Als De Rook Om Je Hoofd Is Verdwenen,Boudewijn de Groot,POP,353,57
Hungry Heart,Bruce Springsteen,ROCK,323,57
Two Tribes,Frankie Goes To Hollywood,POP,432,56
I'll Be Over You,Toto,POP,268,75
Schijn 'n Lichtje Op Mij,Drukwerk,POP,198,52
It's A Long Way To The Top (If You Wanna Rock 'N Roll),AC/DC,POP,235,87
Gute Nacht Freunde,Reinhard Mey,POP,241,62
Mad World,Tears For Fears,POP,431,69
Livin' Thing,Electric Light Orchestra,POP,443,69
Blitzkrieg Bop,Ramones,POP,231,73
Nathalie,Gilbert Bécaud,POP,244,66
The Way We Were,Barbra Streisand,POP,449,72
Love Me Just A Little Bit More (Totally Hooked On You),Dolly Dots,POP,267,87
Out Of Space,The Prodigy,POP,248,51
As,Stevie Wonder,POP,230,62
Just The Way You Are,Bruno Mars,POP,304,88
Come Take My Hand,2 Brothers On The 4th Floor,POP,390,74
I Can't Make You Love Me,Bonnie Raitt,POP,333,98
Een Meisje Van 16,Boudewijn de Groot,POP,281,93
My Baby Just Cares For Me,Nina Simone,POP,221,74
Hopeless Wanderer,Mumford & Sons,POP,350,53
Don't You Worry Child,Swedish House Mafia ft. John Martin,POP,243,73
Homeless,Paul Simon,POP,233,73
Rivers Of Babylon,Boney M.,POP,323,56
In My Place,Coldplay,POP,335,53
Head Held High,Sera,POP,181,86
Why Can't This Be Love,Van Halen,POP,192,94
Sgt. Pepper's Lonely Hearts Club Band,The Beatles,POP,225,98
Rosalyn,Vitesse,POP,388,67
Kold Bloed,Bökkers,POP,275,55
One More Try,George Michael,POP,328,93
Sausolito Summernight,Diesel,POP,394,91
One Moment In Time,Whitney Houston,POP,273,99
Right Next Door (Because Of Me),Robert Cray Band,POP,306,87
Walk This Way (Albumversie),Run DMC ft. Aerosmith,POP,300,96
A Winter's Tale,Queen,ROCK,347,88
Relight My Fire,Dan Hartman,POP,289,95
Tijd Genoeg,Doe Maar,POP,259,95
Here There And Everywhere,The Beatles,POP,274,79
My Universe,Coldplay x BTS,POP,420,68
Love On Top,Beyoncé,POP,299,89
San Francisco (Be Sure To Wear Flowers In Your Hair),Scott McKenzie,POP,371,54
Weekend Love,Golden Earring,POP,374,73
Love Her Madly,The Doors,POP,437,60
Zondag,Rob De Nijs,POP,359,96
Do It Again,Steely Dan,POP,283,97
Crazy In Love,Beyoncé & Jay-Z,POP,425,65
Invisible Touch,Genesis,POP,229,99
Rasputin,Boney M.,POP,357,70
Into Temptation,Crowded House,POP,195,80
Waterloo Sunset,The Kinks,POP,313,93
Blue Hotel,Chris Isaak,POP,254,79
I've Got Dreams To Remember,Otis Redding,POP,245,98
I Won't Let You Down,Ph.D.,POP,357,58
Paracetamollen,Flemming,POP,277,98
On The Road Again,Willie Nelson,POP,215,77
No Limit,2 Unlimited,POP,278,54
Take Me Home,Phil Collins,POP,435,90
Snap Out Of It,Arctic Monkeys,POP,302,93
I'm Going Home,Ten Years After,POP,319,89
IJskoud,Nielson,POP,261,73
Older,George Michael,POP,398,94
Europa (Earth's Cry Heaven's Smile),Santana,POP,240,64
In The Army Now,Status Quo,POP,307,66
All For Nothing,Kensington,POP,446,54
No Surrender,Kane,POP,322,67
Feeling Good,Muse,POP,206,62
Summertime,Ella Fitzgerald & Louis Armstrong,POP,370,88
When I Come Around,Green Day,POP,236,94
Famous Blue Raincoat,Leonard Cohen,POP,193,68
Never Going Back Again,Fleetwood Mac,POP,389,69
Nice To Meet Ya,Niall Horan,POP,180,88
Je Loog Tegen Mij,Drukwerk,POP,317,58
The Wild Places,Duncan Browne,POP,356,72
Waiting On The World To Change,John Mayer,POP,210,62
Promises Of No Man's Land,Blaudzun,POP,288,74
Calling Elvis (Albumversie),Dire Straits,POP,392,50
Pumped Up Kicks,Foster The People,POP,345,86
La Vie En Rose,Grace Jones,POP,341,63
You Can't Hurry Love,Phil Collins,POP,373,78
Ik Heb Je Lief,Stef Bos,POP,201,87
Something Happened On The Way To Heaven,Phil Collins,POP,284,82
Isn't It Time,The Babys,POP,348,59
Don't Look Back,Boston,POP,412,83
Family Portrait,P!nk,POP,296,97
You Can Leave Your Hat On,Joe Cocker,POP,327,90
Sloop John B,The Beach Boys,POP,419,57
You're Beautiful,James Blunt,POP,365,100
In These Arms (Albumversie),Bon Jovi,POP,384,72
Blueberry Hill,Fats Domino,POP,363,58
Liberian Girl,Michael Jackson,POP,359,63
Per Spoor (Kedeng Kedeng),Guus Meeuwis & Vagant,POP,246,68
Need You Tonight,INXS,POP,272,80
Peaceful Easy Feeling,Eagles,ROCK,208,95
Heavy Cross,Gossip,POP,435,72
Somebody To Love,Jefferson Airplane,POP,293,84
Praise You,Fatboy Slim,POP,363,92
A Thing Called Love,Johnny Cash,POP,246,64
Higher Power,Coldplay,POP,415,66
De Soldaat,Nick & Simon,POP,334,82
Vogue,Madonna,POP,450,84
Hold Me,Anouk & Douwe Bob,POP,439,99
Met Hart en Ziel,Tröckener Kecks,POP,227,50
Happiness,Jonathan Jeremiah,POP,356,78
Rearviewmirror,Pearl Jam,ROCK,320,99
Catch The Rainbow,Rainbow,POP,386,73
This Is The Last Time,Keane,POP,190,66
"Oh, Pretty Woman",Roy Orbison,POP,187,100
You're Still The One,Shania Twain,POP,379,98
(Something Inside) So Strong,Labi Siffre,POP,385,77
Ms. Jackson,OutKast,POP,419,99
"Tonight, Tonight",Smashing Pumpkins,POP,442,56
Woman,Wolfmother,POP,327,58
Don't Shut Me Down,ABBA,METAL,419,82
Touch Me,The Doors,POP,392,66
As Tears Go By,The Rolling Stones,ROCK,274,89
Thank God I'm A Country Boy,John Denver,POP,408,62
Dromen In Kleur,Suzan & Freek,POP,391,53
Break On Through (To The Other Side),The Doors,POP,231,56
(They Long To Be) Close To You,Carpenters,POP,327,92
Teardrops (Albumversie),Womack & Womack,POP,229,70
Live And Let Die,Paul McCartney & Wings,POP,366,56
Your Love Is King,Sade,POP,357,66
Handle With Care,Traveling Wilburys,POP,382,68
All Star,Smash Mouth,POP,274,92
Lookin' Out My Back Door,Creedence Clearwater Revival,POP,357,79
More Than This,Roxy Music,POP,292,77
No Diggity,Blackstreet ft. Dr Dre,POP,261,50
The Blower's Daughter,Damien Rice,POP,294,86
Met De Vlam In De Pijp,Henk Wijngaard,POP,401,73
Royals,Lorde,POP,255,95
Skinny Love,Birdy,POP,242,58
Love On The Brain,Rihanna,POP,329,53
Nachtzuster,Doe Maar,POP,359,89
Fairground (Albumversie),Simply Red,POP,359,87
Detroit Rock City,KISS,POP,337,64
The Road To Mandalay (Albumversie),Robbie Williams,POP,384,93
Show Me Love,Robin S,POP,420,72
For No One,The Beatles,POP,288,77
Ik Wil Alleen Maar Zwemmen,Spinvis,POP,339,55
Run Like Hell (Albumversie),Pink Floyd,POP,255,65
Always On The Run,Lenny Kravitz,POP,404,60
Blue Suede Shoes,Elvis Presley,POP,361,93
Elevation,U2,ROCK,273,57
When I'm Sixty-Four,The Beatles,POP,319,55
Als Je Bij Me Weggaat,Acda en De Munnik,POP,360,75
Budapest,George Ezra,POP,187,67
Diamonds And Pearls,Prince & The New Power Generation,POP,413,54
Grace,Jeff Buckley,POP,342,59
Fame (Albumversie),David Bowie,POP,185,76
Out In The Fields,Gary Moore & Phil Lynott,POP,350,95
Once Upon A Time In The West,Dire Straits,POP,263,78
Bobby Jean,Bruce Springsteen,ROCK,245,74
De Langste Nacht,Goldband,POP,385,83
It's The End Of The World As We Know It (Albumversie),R.E.M.,POP,393,77
I Sat By The Ocean,Queens Of The Stone Age,POP,193,52
